id,product_id,snapshot_date,qty_on_hand,warehouse
1,1,2025-01-01,111,wh_east
2,1,2025-02-01,107,wh_east
3,1,2025-03-01,77,wh_east
4,1,2025-04-01,90,wh_east
5,1,2025-05-01,104,wh_east
6,1,2025-06-01,117,wh_east
7,1,2025-07-01,90,wh_east
8,1,2025-08-01,71,wh_east
9,1,2025-09-01,78,wh_east
10,1,2025-10-01,96,wh_east
11,1,2025-11-01,91,wh_east
12,1,2025-12-01,63,wh_east
13,1,2025-01-01,27,wh_west
14,1,2025-02-01,0,wh_west
15,1,2025-03-01,0,wh_west
16,1,2025-04-01,7,wh_west
17,1,2025-05-01,21,wh_west
18,1,2025-06-01,0,wh_west
19,1,2025-07-01,0,wh_west
20,1,2025-08-01,0,wh_west
21,1,2025-09-01,0,wh_west
22,1,2025-10-01,11,wh_west
23,1,2025-11-01,32,wh_west
24,1,2025-12-01,3,wh_west
25,2,2025-01-01,112,wh_east
26,2,2025-02-01,124,wh_east
27,2,2025-03-01,127,wh_east
28,2,2025-04-01,120,wh_east
29,2,2025-05-01,137,wh_east
30,2,2025-06-01,150,wh_east
31,2,2025-07-01,166,wh_east
32,2,2025-08-01,148,wh_east
33,2,2025-09-01,136,wh_east
34,2,2025-10-01,120,wh_east
35,2,2025-11-01,103,wh_east
36,2,2025-12-01,118,wh_east
37,2,2025-01-01,37,wh_west
38,2,2025-02-01,13,wh_west
39,2,2025-03-01,22,wh_west
40,2,2025-04-01,19,wh_west
41,2,2025-05-01,28,wh_west
42,2,2025-06-01,13,wh_west
43,2,2025-07-01,0,wh_west
44,2,2025-08-01,0,wh_west
45,2,2025-09-01,0,wh_west
46,2,2025-10-01,7,wh_west
47,2,2025-11-01,25,wh_west
48,2,2025-12-01,19,wh_west
49,2,2025-01-01,14,wh_test
50,2,2025-02-01,35,wh_test
51,2,2025-03-01,20,wh_test
52,2,2025-04-01,30,wh_test
53,2,2025-05-01,0,wh_test
54,2,2025-06-01,3,wh_test
55,2,2025-07-01,0,wh_test
56,2,2025-08-01,5,wh_test
57,2,2025-09-01,16,wh_test
58,2,2025-10-01,38,wh_test
59,2,2025-11-01,53,wh_test
60,2,2025-12-01,31,wh_test
61,3,2025-01-01,28,wh_east
62,3,2025-02-01,50,wh_east
63,3,2025-03-01,36,wh_east
64,3,2025-04-01,16,wh_east
65,3,2025-05-01,0,wh_east
66,3,2025-06-01,0,wh_east
67,3,2025-07-01,0,wh_east
68,3,2025-08-01,0,wh_east
69,3,2025-09-01,0,wh_east
70,3,2025-10-01,20,wh_east
71,3,2025-11-01,0,wh_east
72,3,2025-12-01,0,wh_east
73,3,2025-01-01,23,wh_west
74,3,2025-02-01,32,wh_west
75,3,2025-03-01,25,wh_west
76,3,2025-04-01,49,wh_west
77,3,2025-05-01,68,wh_west
78,3,2025-06-01,65,wh_west
79,3,2025-07-01,81,wh_west
80,3,2025-08-01,67,wh_west
81,3,2025-09-01,90,wh_west
82,3,2025-10-01,72,wh_west
83,3,2025-11-01,51,wh_west
84,3,2025-12-01,58,wh_west
85,4,2025-01-01,34,wh_east
86,4,2025-02-01,18,wh_east
87,4,2025-03-01,4,wh_east
88,4,2025-04-01,0,wh_east
89,4,2025-05-01,0,wh_east
90,4,2025-06-01,24,wh_east
91,4,2025-07-01,29,wh_east
92,4,2025-08-01,20,wh_east
93,4,2025-09-01,24,wh_east
94,4,2025-10-01,38,wh_east
95,4,2025-11-01,60,wh_east
96,4,2025-12-01,78,wh_east
97,4,2025-01-01,193,wh_west
98,4,2025-02-01,192,wh_west
99,4,2025-03-01,192,wh_west
100,4,2025-04-01,182,wh_west
101,4,2025-05-01,179,wh_west
102,4,2025-06-01,185,wh_west
103,4,2025-07-01,184,wh_west
104,4,2025-08-01,155,wh_west
105,4,2025-09-01,173,wh_west
106,4,2025-10-01,195,wh_west
107,4,2025-11-01,181,wh_west
108,4,2025-12-01,181,wh_west
109,5,2025-01-01,43,wh_east
110,5,2025-02-01,37,wh_east
111,5,2025-03-01,26,wh_east
112,5,2025-04-01,30,wh_east
113,5,2025-05-01,32,wh_east
114,5,2025-06-01,7,wh_east
115,5,2025-07-01,13,wh_east
116,5,2025-08-01,0,wh_east
117,5,2025-09-01,11,wh_east
118,5,2025-10-01,20,wh_east
119,5,2025-11-01,20,wh_east
120,5,2025-12-01,13,wh_east
121,5,2025-01-01,146,wh_west
122,5,2025-02-01,144,wh_west
123,5,2025-03-01,167,wh_west
124,5,2025-04-01,158,wh_west
125,5,2025-05-01,156,wh_west
126,5,2025-06-01,131,wh_west
127,5,2025-07-01,126,wh_west
128,5,2025-08-01,101,wh_west
129,5,2025-09-01,81,wh_west
130,5,2025-10-01,53,wh_west
131,5,2025-11-01,35,wh_west
132,5,2025-12-01,44,wh_west
133,6,2025-01-01,134,wh_east
134,6,2025-02-01,143,wh_east
135,6,2025-03-01,130,wh_east
136,6,2025-04-01,112,wh_east
137,6,2025-05-01,82,wh_east
138,6,2025-06-01,74,wh_east
139,6,2025-07-01,50,wh_east
140,6,2025-08-01,68,wh_east
141,6,2025-09-01,60,wh_east
142,6,2025-10-01,47,wh_east
143,6,2025-11-01,27,wh_east
144,6,2025-12-01,1,wh_east
145,6,2025-01-01,49,wh_west
146,6,2025-02-01,46,wh_west
147,6,2025-03-01,55,wh_west
148,6,2025-04-01,67,wh_west
149,6,2025-05-01,44,wh_west
150,6,2025-06-01,65,wh_west
151,6,2025-07-01,42,wh_west
152,6,2025-08-01,42,wh_west
153,6,2025-09-01,34,wh_west
154,6,2025-10-01,21,wh_west
155,6,2025-11-01,26,wh_west
156,6,2025-12-01,48,wh_west
157,7,2025-01-01,28,wh_east
158,7,2025-02-01,38,wh_east
159,7,2025-03-01,36,wh_east
160,7,2025-04-01,29,wh_east
161,7,2025-05-01,33,wh_east
162,7,2025-06-01,45,wh_east
163,7,2025-07-01,28,wh_east
164,7,2025-08-01,7,wh_east
165,7,2025-09-01,28,wh_east
166,7,2025-10-01,43,wh_east
167,7,2025-11-01,30,wh_east
168,7,2025-12-01,19,wh_east
169,7,2025-01-01,212,wh_west
170,7,2025-02-01,211,wh_west
171,7,2025-03-01,223,wh_west
172,7,2025-04-01,247,wh_west
173,7,2025-05-01,235,wh_west
174,7,2025-06-01,237,wh_west
175,7,2025-07-01,227,wh_west
176,7,2025-08-01,218,wh_west
177,7,2025-09-01,205,wh_west
178,7,2025-10-01,226,wh_west
179,7,2025-11-01,251,wh_west
180,7,2025-12-01,231,wh_west
181,7,2025-01-01,92,wh_test
182,7,2025-02-01,116,wh_test
183,7,2025-03-01,119,wh_test
184,7,2025-04-01,131,wh_test
185,7,2025-05-01,130,wh_test
186,7,2025-06-01,106,wh_test
187,7,2025-07-01,112,wh_test
188,7,2025-08-01,103,wh_test
189,7,2025-09-01,78,wh_test
190,7,2025-10-01,68,wh_test
191,7,2025-11-01,80,wh_test
192,7,2025-12-01,64,wh_test
193,8,2025-01-01,63,wh_east
194,8,2025-02-01,60,wh_east
195,8,2025-03-01,38,wh_east
196,8,2025-04-01,10,wh_east
197,8,2025-05-01,0,wh_east
198,8,2025-06-01,0,wh_east
199,8,2025-07-01,0,wh_east
200,8,2025-08-01,22,wh_east
201,8,2025-09-01,6,wh_east
202,8,2025-10-01,16,wh_east
203,8,2025-11-01,38,wh_east
204,8,2025-12-01,19,wh_east
205,8,2025-01-01,24,wh_west
206,8,2025-02-01,37,wh_west
207,8,2025-03-01,15,wh_west
208,8,2025-04-01,0,wh_west
209,8,2025-05-01,4,wh_west
210,8,2025-06-01,3,wh_west
211,8,2025-07-01,0,wh_west
212,8,2025-08-01,0,wh_west
213,8,2025-09-01,0,wh_west
214,8,2025-10-01,0,wh_west
215,8,2025-11-01,0,wh_west
216,8,2025-12-01,11,wh_west
217,9,2025-01-01,64,wh_east
218,9,2025-02-01,77,wh_east
219,9,2025-03-01,47,wh_east
220,9,2025-04-01,53,wh_east
221,9,2025-05-01,55,wh_east
222,9,2025-06-01,79,wh_east
223,9,2025-07-01,49,wh_east
224,9,2025-08-01,20,wh_east
225,9,2025-09-01,34,wh_east
226,9,2025-10-01,54,wh_east
227,9,2025-11-01,72,wh_east
228,9,2025-12-01,55,wh_east
229,9,2025-01-01,38,wh_west
230,9,2025-02-01,48,wh_west
231,9,2025-03-01,49,wh_west
232,9,2025-04-01,58,wh_west
233,9,2025-05-01,61,wh_west
234,9,2025-06-01,56,wh_west
235,9,2025-07-01,73,wh_west
236,9,2025-08-01,51,wh_west
237,9,2025-09-01,36,wh_west
238,9,2025-10-01,13,wh_west
239,9,2025-11-01,0,wh_west
240,9,2025-12-01,0,wh_west
241,10,2025-01-01,24,wh_east
242,10,2025-02-01,49,wh_east
243,10,2025-03-01,49,wh_east
244,10,2025-04-01,22,wh_east
245,10,2025-05-01,8,wh_east
246,10,2025-06-01,19,wh_east
247,10,2025-07-01,6,wh_east
248,10,2025-08-01,1,wh_east
249,10,2025-09-01,4,wh_east
250,10,2025-10-01,1,wh_east
251,10,2025-11-01,0,wh_east
252,10,2025-12-01,18,wh_east
253,10,2025-01-01,148,wh_west
254,10,2025-02-01,165,wh_west
255,10,2025-03-01,135,wh_west
256,10,2025-04-01,107,wh_west
257,10,2025-05-01,125,wh_west
258,10,2025-06-01,114,wh_west
259,10,2025-07-01,116,wh_west
260,10,2025-08-01,110,wh_west
261,10,2025-09-01,90,wh_west
262,10,2025-10-01,77,wh_west
263,10,2025-11-01,96,wh_west
264,10,2025-12-01,66,wh_west
265,10,2025-01-01,25,wh_test
266,10,2025-02-01,45,wh_test
267,10,2025-03-01,44,wh_test
268,10,2025-04-01,64,wh_test
269,10,2025-05-01,82,wh_test
270,10,2025-06-01,73,wh_test
271,10,2025-07-01,50,wh_test
272,10,2025-08-01,41,wh_test
273,10,2025-09-01,30,wh_test
274,10,2025-10-01,47,wh_test
275,10,2025-11-01,56,wh_test
276,10,2025-12-01,27,wh_test
277,11,2025-01-01,98,wh_east
278,11,2025-02-01,123,wh_east
279,11,2025-03-01,116,wh_east
280,11,2025-04-01,131,wh_east
281,11,2025-05-01,124,wh_east
282,11,2025-06-01,122,wh_east
283,11,2025-07-01,106,wh_east
284,11,2025-08-01,110,wh_east
285,11,2025-09-01,124,wh_east
286,11,2025-10-01,142,wh_east
287,11,2025-11-01,137,wh_east
288,11,2025-12-01,137,wh_east
289,11,2025-01-01,191,wh_west
290,11,2025-02-01,193,wh_west
291,11,2025-03-01,205,wh_west
292,11,2025-04-01,219,wh_west
293,11,2025-05-01,225,wh_west
294,11,2025-06-01,237,wh_west
295,11,2025-07-01,251,wh_west
296,11,2025-08-01,253,wh_west
297,11,2025-09-01,276,wh_west
298,11,2025-10-01,288,wh_west
299,11,2025-11-01,265,wh_west
300,11,2025-12-01,286,wh_west
301,11,2025-01-01,94,wh_test
302,11,2025-02-01,69,wh_test
303,11,2025-03-01,89,wh_test
304,11,2025-04-01,72,wh_test
305,11,2025-05-01,63,wh_test
306,11,2025-06-01,71,wh_test
307,11,2025-07-01,59,wh_test
308,11,2025-08-01,62,wh_test
309,11,2025-09-01,62,wh_test
310,11,2025-10-01,46,wh_test
311,11,2025-11-01,49,wh_test
312,11,2025-12-01,51,wh_test
313,12,2025-01-01,128,wh_east
314,12,2025-02-01,149,wh_east
315,12,2025-03-01,128,wh_east
316,12,2025-04-01,122,wh_east
317,12,2025-05-01,137,wh_east
318,12,2025-06-01,133,wh_east
319,12,2025-07-01,155,wh_east
320,12,2025-08-01,145,wh_east
321,12,2025-09-01,125,wh_east
322,12,2025-10-01,119,wh_east
323,12,2025-11-01,116,wh_east
324,12,2025-12-01,127,wh_east
325,12,2025-01-01,111,wh_west
326,12,2025-02-01,129,wh_west
327,12,2025-03-01,104,wh_west
328,12,2025-04-01,82,wh_west
329,12,2025-05-01,85,wh_west
330,12,2025-06-01,105,wh_west
331,12,2025-07-01,77,wh_west
332,12,2025-08-01,58,wh_west
333,12,2025-09-01,78,wh_west
334,12,2025-10-01,56,wh_west
335,12,2025-11-01,29,wh_west
336,12,2025-12-01,32,wh_west
337,13,2025-01-01,150,wh_east
338,13,2025-02-01,174,wh_east
339,13,2025-03-01,197,wh_east
340,13,2025-04-01,206,wh_east
341,13,2025-05-01,184,wh_east
342,13,2025-06-01,199,wh_east
343,13,2025-07-01,194,wh_east
344,13,2025-08-01,186,wh_east
345,13,2025-09-01,200,wh_east
346,13,2025-10-01,223,wh_east
347,13,2025-11-01,210,wh_east
348,13,2025-12-01,222,wh_east
349,13,2025-01-01,153,wh_west
350,13,2025-02-01,160,wh_west
351,13,2025-03-01,135,wh_west
352,13,2025-04-01,134,wh_west
353,13,2025-05-01,127,wh_west
354,13,2025-06-01,104,wh_west
355,13,2025-07-01,108,wh_west
356,13,2025-08-01,100,wh_west
357,13,2025-09-01,95,wh_west
358,13,2025-10-01,118,wh_west
359,13,2025-11-01,124,wh_west
360,13,2025-12-01,149,wh_west
361,14,2025-01-01,149,wh_east
362,14,2025-02-01,163,wh_east
363,14,2025-03-01,188,wh_east
364,14,2025-04-01,196,wh_east
365,14,2025-05-01,174,wh_east
366,14,2025-06-01,176,wh_east
367,14,2025-07-01,201,wh_east
368,14,2025-08-01,212,wh_east
369,14,2025-09-01,182,wh_east
370,14,2025-10-01,163,wh_east
371,14,2025-11-01,144,wh_east
372,14,2025-12-01,149,wh_east
373,14,2025-01-01,114,wh_west
374,14,2025-02-01,106,wh_west
375,14,2025-03-01,89,wh_west
376,14,2025-04-01,97,wh_west
377,14,2025-05-01,76,wh_west
378,14,2025-06-01,62,wh_west
379,14,2025-07-01,74,wh_west
380,14,2025-08-01,77,wh_west
381,14,2025-09-01,66,wh_west
382,14,2025-10-01,72,wh_west
383,14,2025-11-01,45,wh_west
384,14,2025-12-01,51,wh_west
385,15,2025-01-01,34,wh_east
386,15,2025-02-01,36,wh_east
387,15,2025-03-01,30,wh_east
388,15,2025-04-01,8,wh_east
389,15,2025-05-01,32,wh_east
390,15,2025-06-01,25,wh_east
391,15,2025-07-01,37,wh_east
392,15,2025-08-01,12,wh_east
393,15,2025-09-01,0,wh_east
394,15,2025-10-01,18,wh_east
395,15,2025-11-01,10,wh_east
396,15,2025-12-01,6,wh_east
397,15,2025-01-01,136,wh_west
398,15,2025-02-01,139,wh_west
399,15,2025-03-01,149,wh_west
400,15,2025-04-01,165,wh_west
401,15,2025-05-01,156,wh_west
402,15,2025-06-01,177,wh_west
403,15,2025-07-01,151,wh_west
404,15,2025-08-01,137,wh_west
405,15,2025-09-01,154,wh_west
406,15,2025-10-01,146,wh_west
407,15,2025-11-01,123,wh_west
408,15,2025-12-01,113,wh_west
409,15,2025-01-01,209,wh_test
410,15,2025-02-01,185,wh_test
411,15,2025-03-01,206,wh_test
412,15,2025-04-01,217,wh_test
413,15,2025-05-01,242,wh_test
414,15,2025-06-01,220,wh_test
415,15,2025-07-01,213,wh_test
416,15,2025-08-01,216,wh_test
417,15,2025-09-01,221,wh_test
418,15,2025-10-01,205,wh_test
419,15,2025-11-01,189,wh_test
420,15,2025-12-01,162,wh_test
421,16,2025-01-01,98,wh_east
422,16,2025-02-01,108,wh_east
423,16,2025-03-01,130,wh_east
424,16,2025-04-01,147,wh_east
425,16,2025-05-01,152,wh_east
426,16,2025-06-01,142,wh_east
427,16,2025-07-01,156,wh_east
428,16,2025-08-01,173,wh_east
429,16,2025-09-01,190,wh_east
430,16,2025-10-01,164,wh_east
431,16,2025-11-01,156,wh_east
432,16,2025-12-01,178,wh_east
433,16,2025-01-01,26,wh_west
434,16,2025-02-01,0,wh_west
435,16,2025-03-01,1,wh_west
436,16,2025-04-01,0,wh_west
437,16,2025-05-01,5,wh_west
438,16,2025-06-01,0,wh_west
439,16,2025-07-01,18,wh_west
440,16,2025-08-01,30,wh_west
441,16,2025-09-01,17,wh_west
442,16,2025-10-01,0,wh_west
443,16,2025-11-01,0,wh_west
444,16,2025-12-01,0,wh_west
