id,user_id,started_at,channel,utm_campaign,page_views,is_bot
1,35,2024-12-25 09:45:25,Paid_Search,brand_search,4,false
2,25,2024-12-31 01:48:31,organic,,2,false
3,25,2024-12-31 10:35:07,organic,,6,false
4,33,2024-12-31 12:47:48,Direct,,6,false
5,33,2025-01-03 02:58:30,email,newsletter,1,false
6,,2025-01-05 13:59:02,email,newsletter,9,false
7,33,2025-01-06 01:11:25,email,winback,7,false
8,25,2025-01-07 22:13:14,Direct,,11,false
9,25,2025-01-08 19:00:36,organic,,4,false
10,,2025-01-09 08:35:11,Paid_Search,brand_search,1,true
11,35,2025-01-11 19:50:20,Paid_Search,generic_search,5,false
12,8,2025-01-12 08:24:44,Paid_Search,brand_search,0,false
13,,2025-01-13 13:25:47,Paid_Search,brand_search,7,false
14,35,2025-01-13 14:23:28,Direct,,7,false
15,4,2025-01-15 21:32:44,email,newsletter,0,false
16,17,2025-01-15 23:20:46,Direct,,9,false
17,46,2025-01-16 06:45:11,organic,,1,false
18,,2025-01-17 03:00:23,Direct,,3,true
19,,2025-01-18 08:35:16,email,newsletter,4,false
20,6,2025-01-18 11:40:24,Direct,,0,false
21,28,2025-01-18 12:54:23,organic,,2,false
22,,2025-01-19 18:22:35,Direct,,1,true
23,17,2025-01-19 21:38:24,Direct,,4,false
24,,2025-01-20 03:07:45,email,newsletter,4,false
25,,2025-01-21 05:04:42,Direct,,2,false
26,,2025-01-21 06:17:51,email,winback,5,false
27,35,2025-01-21 22:51:59,organic,,3,false
28,17,2025-01-22 03:24:24,SOCIAL,spring_social,9,false
29,17,2025-01-22 03:56:25,Direct,,10,false
30,35,2025-01-22 17:16:39,Direct,,7,false
31,35,2025-01-22 17:43:09,Direct,,3,false
32,25,2025-01-23 06:55:39,email,newsletter,12,false
33,,2025-01-23 19:57:13,organic,,7,false
34,,2025-01-24 19:28:34,SOCIAL,holiday_social,4,false
35,,2025-01-25 03:08:33,email,winback,7,false
36,,2025-01-25 21:41:04,Direct,,7,false
37,,2025-01-28 13:09:29,email,winback,0,false
38,33,2025-01-30 19:20:01,Direct,,6,false
39,,2025-01-31 14:11:11,organic,,7,false
40,33,2025-01-31 16:36:49,organic,,6,false
41,,2025-01-31 18:10:46,SOCIAL,holiday_social,5,true
42,33,2025-01-31 22:28:00,SOCIAL,spring_social,3,false
43,,2025-02-05 14:07:04,Direct,,11,false
44,33,2025-02-08 04:08:40,organic,,12,false
45,,2025-02-08 05:26:58,organic,,6,false
46,3,2025-02-08 06:11:15,organic,,9,false
47,35,2025-02-08 09:46:51,Paid_Search,generic_search,3,false
48,,2025-02-08 13:08:19,Direct,,12,false
49,46,2025-02-10 09:00:18,Paid_Search,generic_search,6,false
50,,2025-02-10 13:07:45,email,winback,12,false
51,3,2025-02-10 14:48:27,organic,,12,false
52,19,2025-02-10 20:19:28,organic,,8,false
53,34,2025-02-11 12:20:03,Paid_Search,brand_search,7,false
54,23,2025-02-12 16:44:27,Paid_Search,generic_search,5,false
55,35,2025-02-12 18:30:24,Paid_Search,generic_search,12,false
56,,2025-02-15 04:30:46,SOCIAL,holiday_social,6,false
57,,2025-02-16 13:29:00,organic,,5,false
58,,2025-02-17 00:38:32,email,newsletter,1,false
59,19,2025-02-17 02:39:48,Direct,,9,false
60,23,2025-02-19 04:05:32,email,winback,2,false
61,7,2025-02-20 10:53:31,Paid_Search,brand_search,0,false
62,,2025-02-22 14:25:19,Paid_Search,brand_search,2,false
63,19,2025-02-23 05:26:57,organic,,3,false
64,,2025-02-24 04:53:58,SOCIAL,spring_social,11,false
65,33,2025-02-24 13:39:05,Direct,,4,false
66,3,2025-02-25 01:42:56,Direct,,0,false
67,35,2025-02-27 14:24:53,organic,,8,false
68,,2025-02-28 16:03:46,email,newsletter,3,false
69,25,2025-03-02 17:51:00,SOCIAL,holiday_social,6,false
70,,2025-03-02 23:06:54,Paid_Search,brand_search,8,false
71,,2025-03-03 03:35:09,email,newsletter,4,false
72,,2025-03-03 03:43:58,Direct,,5,false
73,,2025-03-04 04:23:46,Paid_Search,brand_search,0,false
74,,2025-03-04 06:18:03,Paid_Search,generic_search,11,true
75,,2025-03-04 12:15:43,Paid_Search,brand_search,4,false
76,13,2025-03-05 08:08:37,organic,,9,false
77,,2025-03-06 11:25:46,organic,,7,false
78,,2025-03-06 15:36:09,organic,,8,true
79,17,2025-03-07 23:31:04,organic,,3,true
80,50,2025-03-08 11:36:35,SOCIAL,holiday_social,10,false
81,25,2025-03-08 13:32:50,SOCIAL,holiday_social,1,false
82,35,2025-03-09 17:14:49,organic,,6,false
83,,2025-03-10 01:09:02,organic,,3,true
84,,2025-03-11 04:11:05,email,winback,8,false
85,31,2025-03-11 15:41:35,Paid_Search,brand_search,9,false
86,25,2025-03-13 21:54:13,email,winback,11,false
87,7,2025-03-15 01:31:37,Direct,,0,false
88,,2025-03-15 17:59:19,SOCIAL,spring_social,6,false
89,35,2025-03-15 18:37:04,Direct,,11,false
90,,2025-03-16 21:07:48,email,winback,6,false
91,46,2025-03-18 13:34:33,organic,,2,false
92,,2025-03-18 22:19:35,SOCIAL,holiday_social,5,false
93,7,2025-03-20 20:06:51,Direct,,5,false
94,,2025-03-22 04:47:40,SOCIAL,holiday_social,4,false
95,,2025-03-22 17:19:05,email,newsletter,8,false
96,,2025-03-24 01:18:12,SOCIAL,holiday_social,6,false
97,46,2025-03-24 09:14:53,Paid_Search,brand_search,9,false
98,46,2025-03-24 18:08:38,Paid_Search,brand_search,7,false
99,35,2025-03-25 06:49:57,SOCIAL,holiday_social,4,false
100,,2025-03-26 01:39:09,email,newsletter,8,false
101,41,2025-03-27 01:19:03,Direct,,4,false
102,,2025-03-27 15:25:40,Direct,,10,false
103,,2025-03-28 04:58:21,Paid_Search,brand_search,11,true
104,35,2025-03-29 21:24:48,Direct,,12,false
105,,2025-04-03 08:34:01,SOCIAL,holiday_social,9,false
106,,2025-04-03 18:20:51,Direct,,7,false
107,7,2025-04-04 15:24:33,Direct,,0,false
108,8,2025-04-05 00:45:57,organic,,1,false
109,,2025-04-05 04:12:13,Direct,,0,false
110,33,2025-04-05 09:16:13,email,winback,5,false
111,33,2025-04-06 11:26:52,email,winback,12,false
112,,2025-04-06 15:14:10,SOCIAL,holiday_social,4,false
113,,2025-04-07 08:29:18,SOCIAL,holiday_social,11,false
114,35,2025-04-08 10:26:55,email,newsletter,10,false
115,17,2025-04-08 12:17:53,SOCIAL,holiday_social,9,false
116,,2025-04-10 06:56:25,SOCIAL,spring_social,11,false
117,33,2025-04-10 10:11:59,Direct,,2,false
118,38,2025-04-11 21:32:09,organic,,7,false
119,,2025-04-14 04:11:01,Direct,,7,true
120,,2025-04-16 06:11:26,Paid_Search,brand_search,1,false
121,46,2025-04-16 11:42:02,organic,,4,false
122,,2025-04-18 22:14:31,SOCIAL,holiday_social,5,false
123,46,2025-04-20 14:13:57,SOCIAL,spring_social,6,false
124,46,2025-04-21 17:48:08,email,newsletter,5,false
125,46,2025-04-21 21:15:38,Direct,,3,false
126,46,2025-04-23 07:02:19,Paid_Search,brand_search,2,false
127,17,2025-04-24 21:21:53,Paid_Search,generic_search,8,false
128,,2025-04-26 16:17:57,organic,,12,false
129,,2025-05-01 09:12:04,SOCIAL,holiday_social,1,false
130,2,2025-05-01 22:24:41,SOCIAL,holiday_social,9,false
131,33,2025-05-02 11:24:35,organic,,1,false
132,46,2025-05-03 13:10:37,Direct,,4,false
133,,2025-05-03 17:13:31,email,newsletter,6,false
134,33,2025-05-04 08:53:09,SOCIAL,holiday_social,1,false
135,,2025-05-07 16:42:41,SOCIAL,holiday_social,5,false
136,,2025-05-09 23:43:35,email,newsletter,4,true
137,,2025-05-10 12:44:28,Paid_Search,brand_search,3,false
138,,2025-05-12 03:21:05,SOCIAL,spring_social,9,false
139,19,2025-05-14 02:49:37,Direct,,2,false
140,,2025-05-15 16:08:49,Paid_Search,brand_search,4,true
141,29,2025-05-15 16:34:46,Paid_Search,generic_search,9,false
142,29,2025-05-15 18:57:36,SOCIAL,holiday_social,5,false
143,,2025-05-15 21:24:22,SOCIAL,holiday_social,0,false
144,12,2025-05-16 09:09:08,Paid_Search,brand_search,7,false
145,2,2025-05-17 15:37:03,SOCIAL,holiday_social,12,false
146,46,2025-05-18 20:19:04,Direct,,6,false
147,,2025-05-19 08:06:43,Paid_Search,brand_search,5,false
148,4,2025-05-20 05:51:47,Direct,,8,false
149,,2025-05-20 18:38:41,email,newsletter,10,false
150,,2025-05-21 04:20:45,organic,,6,false
151,,2025-05-22 12:13:07,organic,,3,false
152,,2025-05-23 10:16:19,Direct,,6,false
153,46,2025-05-24 03:15:20,SOCIAL,holiday_social,4,false
154,6,2025-05-24 20:21:27,email,newsletter,12,false
155,35,2025-05-25 07:33:31,organic,,11,false
156,13,2025-05-25 11:06:07,Paid_Search,brand_search,6,false
157,13,2025-05-25 14:24:19,SOCIAL,holiday_social,8,false
158,,2025-05-26 07:21:31,SOCIAL,holiday_social,6,true
159,7,2025-05-26 20:07:02,Paid_Search,generic_search,0,false
160,42,2025-05-27 22:32:13,SOCIAL,spring_social,10,false
161,2,2025-05-28 05:31:43,Direct,,5,false
162,,2025-05-28 16:15:54,email,newsletter,2,true
163,2,2025-05-30 03:45:46,SOCIAL,holiday_social,12,false
164,,2025-05-30 10:20:22,Direct,,0,false
165,,2025-05-30 19:32:36,Direct,,6,false
166,2,2025-05-31 10:03:02,email,winback,4,false
167,2,2025-05-31 12:14:33,SOCIAL,holiday_social,3,false
168,2,2025-05-31 20:57:52,Direct,,6,false
169,26,2025-06-02 03:24:56,Direct,,3,false
170,35,2025-06-02 04:39:51,Direct,,3,false
171,35,2025-06-02 21:06:58,email,winback,12,false
172,16,2025-06-03 02:11:32,Paid_Search,brand_search,7,false
173,16,2025-06-03 21:37:25,Direct,,11,false
174,10,2025-06-05 15:05:13,Direct,,5,false
175,,2025-06-05 18:02:20,organic,,10,false
176,,2025-06-06 12:35:22,SOCIAL,spring_social,6,false
177,,2025-06-08 07:53:48,email,newsletter,6,false
178,21,2025-06-09 01:00:03,SOCIAL,spring_social,6,false
179,21,2025-06-09 11:33:12,email,winback,5,false
180,,2025-06-09 11:56:49,SOCIAL,holiday_social,6,false
181,,2025-06-09 16:45:13,Direct,,0,false
182,,2025-06-09 23:18:55,Direct,,11,false
183,46,2025-06-13 03:08:50,SOCIAL,spring_social,8,false
184,,2025-06-16 01:18:00,organic,,8,false
185,26,2025-06-16 02:12:59,email,winback,7,false
186,,2025-06-20 04:25:41,SOCIAL,holiday_social,0,false
187,21,2025-06-20 19:47:31,Paid_Search,brand_search,10,false
188,6,2025-06-23 00:34:45,Direct,,1,false
189,33,2025-06-23 01:43:27,Paid_Search,generic_search,3,false
190,35,2025-06-23 23:23:53,Paid_Search,brand_search,7,false
191,33,2025-06-24 07:20:08,Paid_Search,generic_search,2,false
192,35,2025-06-25 15:41:05,organic,,5,false
193,,2025-06-26 12:18:57,organic,,0,false
194,35,2025-06-26 21:55:25,organic,,12,false
195,,2025-06-27 07:58:57,email,newsletter,9,false
196,17,2025-06-28 10:52:22,email,winback,1,false
197,46,2025-06-29 03:58:42,email,winback,8,false
198,,2025-06-30 22:14:31,Direct,,3,true
199,17,2025-07-01 04:41:29,Direct,,9,false
200,17,2025-07-01 09:39:28,email,winback,4,false
201,17,2025-07-01 11:51:22,organic,,4,false
202,,2025-07-03 00:46:00,organic,,7,false
203,,2025-07-03 09:14:10,email,newsletter,1,false
204,,2025-07-03 17:11:58,email,newsletter,3,false
205,17,2025-07-05 08:24:41,Direct,,4,false
206,33,2025-07-05 08:44:54,organic,,9,false
207,17,2025-07-05 19:30:50,Paid_Search,brand_search,8,false
208,,2025-07-06 18:30:24,email,newsletter,9,false
209,,2025-07-09 11:20:09,Paid_Search,brand_search,6,false
210,32,2025-07-10 19:23:24,SOCIAL,holiday_social,9,true
211,35,2025-07-11 01:23:52,SOCIAL,spring_social,2,false
212,,2025-07-12 11:03:54,organic,,3,false
213,,2025-07-12 21:04:54,organic,,4,true
214,,2025-07-13 09:45:48,SOCIAL,holiday_social,5,false
215,25,2025-07-14 09:58:09,Direct,,8,false
216,,2025-07-15 17:09:44,SOCIAL,spring_social,11,false
217,38,2025-07-16 02:54:17,email,winback,6,false
218,,2025-07-17 07:47:06,email,newsletter,10,false
219,49,2025-07-18 18:58:54,organic,,10,false
220,38,2025-07-20 20:28:13,Paid_Search,brand_search,8,false
221,25,2025-07-21 08:04:25,Direct,,5,false
222,4,2025-07-24 05:38:09,email,winback,0,false
223,17,2025-07-24 10:18:53,Paid_Search,brand_search,11,false
224,49,2025-07-24 18:48:15,Paid_Search,brand_search,8,false
225,33,2025-07-25 16:49:14,organic,,5,false
226,4,2025-07-26 11:28:29,Direct,,1,false
227,,2025-07-27 12:26:13,Direct,,3,false
228,17,2025-07-28 13:28:49,Direct,,10,false
229,17,2025-07-30 06:31:49,Paid_Search,generic_search,1,false
230,35,2025-08-02 14:40:42,email,winback,5,false
231,,2025-08-03 06:48:44,SOCIAL,holiday_social,2,false
232,,2025-08-04 05:47:11,Paid_Search,generic_search,6,false
233,,2025-08-05 04:02:03,Paid_Search,brand_search,6,false
234,37,2025-08-05 07:08:55,Direct,,5,true
235,,2025-08-05 11:06:43,SOCIAL,spring_social,1,false
236,33,2025-08-05 19:09:37,Direct,,4,false
237,43,2025-08-06 05:43:15,SOCIAL,holiday_social,10,false
238,17,2025-08-07 19:15:45,email,winback,8,false
239,43,2025-08-13 07:52:51,Direct,,4,false
240,,2025-08-14 15:07:13,Paid_Search,generic_search,3,false
241,26,2025-08-16 15:28:26,SOCIAL,holiday_social,5,false
242,38,2025-08-17 09:49:59,Direct,,3,false
243,,2025-08-17 11:18:51,Direct,,9,false
244,27,2025-08-17 15:29:25,SOCIAL,spring_social,3,true
245,38,2025-08-17 17:16:38,SOCIAL,spring_social,12,false
246,,2025-08-17 22:14:29,SOCIAL,holiday_social,7,false
247,,2025-08-18 08:45:39,email,winback,9,false
248,,2025-08-18 14:09:18,Paid_Search,generic_search,1,false
249,,2025-08-19 06:10:23,organic,,12,false
250,33,2025-08-19 09:42:01,SOCIAL,spring_social,5,false
251,,2025-08-20 12:18:35,email,winback,5,true
252,43,2025-08-20 15:43:56,Direct,,3,false
253,10,2025-08-22 11:17:28,organic,,12,false
254,25,2025-08-27 18:32:09,email,newsletter,4,false
255,,2025-08-28 08:09:20,organic,,3,false
256,4,2025-08-30 03:46:46,SOCIAL,spring_social,0,false
257,,2025-08-30 18:13:49,organic,,1,false
258,35,2025-08-31 11:07:39,SOCIAL,spring_social,2,false
259,,2025-09-01 11:36:41,email,newsletter,1,false
260,,2025-09-04 11:10:20,Paid_Search,generic_search,2,false
261,,2025-09-04 18:16:41,Direct,,8,false
262,,2025-09-04 21:36:33,Direct,,7,false
263,10,2025-09-05 10:42:26,organic,,1,false
264,10,2025-09-05 19:12:17,email,newsletter,1,false
265,33,2025-09-06 11:49:29,SOCIAL,spring_social,2,false
266,,2025-09-08 03:14:39,organic,,7,false
267,17,2025-09-09 16:57:22,Direct,,7,false
268,17,2025-09-09 23:34:52,Direct,,11,false
269,,2025-09-10 09:09:00,Direct,,2,true
270,,2025-09-10 23:02:24,SOCIAL,spring_social,4,false
271,,2025-09-10 23:07:26,Paid_Search,brand_search,7,false
272,35,2025-09-11 03:02:40,organic,,6,false
273,,2025-09-12 12:44:11,organic,,6,false
274,,2025-09-13 12:44:29,Paid_Search,generic_search,11,false
275,,2025-09-13 16:32:18,SOCIAL,spring_social,8,false
276,,2025-09-15 12:23:48,Paid_Search,brand_search,1,false
277,17,2025-09-16 17:08:03,SOCIAL,spring_social,11,false
278,25,2025-09-17 04:22:16,email,winback,11,false
279,,2025-09-18 10:33:26,Direct,,11,false
280,2,2025-09-18 20:05:07,SOCIAL,spring_social,0,false
281,33,2025-09-19 14:05:13,organic,,2,false
282,33,2025-09-19 20:14:59,Direct,,10,false
283,46,2025-09-20 00:15:13,organic,,1,false
284,41,2025-09-20 00:44:29,email,winback,8,false
285,25,2025-09-21 09:14:07,email,winback,9,false
286,,2025-09-21 14:43:50,SOCIAL,spring_social,7,false
287,22,2025-09-21 15:51:16,Direct,,12,true
288,35,2025-09-22 06:26:33,Direct,,3,false
289,,2025-09-24 07:28:38,organic,,5,false
290,25,2025-09-24 09:55:07,Paid_Search,brand_search,2,false
291,,2025-09-25 04:08:03,SOCIAL,spring_social,6,false
292,17,2025-09-25 19:33:44,email,winback,7,false
293,25,2025-09-26 00:38:27,Paid_Search,brand_search,10,false
294,25,2025-09-26 18:34:34,email,winback,2,false
295,,2025-09-29 16:14:09,organic,,3,false
296,25,2025-09-30 04:17:25,Paid_Search,brand_search,5,false
297,7,2025-09-30 11:52:42,SOCIAL,spring_social,5,false
298,7,2025-10-02 03:33:01,SOCIAL,spring_social,8,false
299,33,2025-10-02 15:50:11,email,winback,6,false
300,17,2025-10-03 02:27:02,SOCIAL,holiday_social,12,false
301,37,2025-10-05 02:33:52,SOCIAL,holiday_social,5,false
302,6,2025-10-06 22:41:25,organic,,10,true
303,46,2025-10-09 01:03:16,SOCIAL,spring_social,5,false
304,46,2025-10-09 12:04:25,email,newsletter,10,false
305,,2025-10-10 07:29:29,Direct,,5,false
306,,2025-10-11 05:40:55,Direct,,8,true
307,5,2025-10-11 10:52:48,Paid_Search,brand_search,2,false
308,5,2025-10-11 21:19:39,Direct,,5,false
309,46,2025-10-12 07:12:58,Paid_Search,brand_search,9,false
310,33,2025-10-12 10:46:46,Paid_Search,generic_search,7,false
311,,2025-10-14 10:19:03,organic,,5,false
312,35,2025-10-15 22:25:15,email,winback,3,false
313,25,2025-10-16 13:47:36,Paid_Search,generic_search,5,false
314,33,2025-10-17 11:03:18,Paid_Search,generic_search,2,false
315,,2025-10-17 21:18:20,Direct,,0,false
316,46,2025-10-18 05:03:25,Paid_Search,brand_search,4,false
317,17,2025-10-18 12:05:35,Paid_Search,generic_search,3,false
318,17,2025-10-18 13:22:10,email,newsletter,3,false
319,5,2025-10-18 22:47:56,organic,,8,false
320,33,2025-10-19 05:17:38,Direct,,8,false
321,48,2025-10-21 22:51:01,organic,,9,true
322,25,2025-10-23 00:24:12,SOCIAL,spring_social,9,false
323,,2025-10-23 07:31:39,Direct,,9,false
324,46,2025-10-25 07:52:52,Paid_Search,generic_search,2,false
325,25,2025-10-26 01:24:44,organic,,4,false
326,25,2025-10-26 01:41:03,Paid_Search,brand_search,11,false
327,17,2025-10-26 05:32:47,SOCIAL,holiday_social,5,false
328,33,2025-10-26 15:57:24,SOCIAL,holiday_social,7,false
329,33,2025-10-26 21:10:54,email,newsletter,6,false
330,25,2025-10-27 02:33:44,Direct,,1,false
331,25,2025-10-27 15:33:13,Direct,,12,false
332,25,2025-10-27 20:13:12,SOCIAL,holiday_social,4,false
333,25,2025-10-27 23:30:00,Direct,,12,false
334,25,2025-10-30 12:16:59,Direct,,10,false
335,25,2025-10-30 17:13:27,SOCIAL,spring_social,11,false
336,,2025-10-30 17:48:26,Direct,,0,false
337,,2025-10-31 15:27:47,Direct,,12,false
338,25,2025-11-01 09:50:54,organic,,2,false
339,21,2025-11-02 22:22:31,Paid_Search,brand_search,7,false
340,17,2025-11-03 02:18:54,SOCIAL,holiday_social,9,false
341,,2025-11-03 21:30:56,email,winback,12,false
342,30,2025-11-05 01:33:45,SOCIAL,holiday_social,8,false
343,46,2025-11-05 23:18:52,Paid_Search,brand_search,12,false
344,46,2025-11-07 14:56:04,SOCIAL,holiday_social,1,false
345,3,2025-11-09 10:20:55,organic,,0,false
346,29,2025-11-10 15:19:25,organic,,3,false
347,29,2025-11-14 12:20:37,Direct,,8,false
348,,2025-11-14 22:09:47,organic,,12,false
349,,2025-11-16 01:57:29,Paid_Search,generic_search,0,false
350,32,2025-11-17 18:09:53,Paid_Search,brand_search,5,false
351,,2025-11-18 02:29:09,Direct,,8,false
352,,2025-11-18 03:04:19,Paid_Search,brand_search,6,true
353,17,2025-11-18 04:51:10,email,winback,8,false
354,33,2025-11-18 08:03:46,Paid_Search,brand_search,5,false
355,17,2025-11-18 19:21:41,Paid_Search,brand_search,2,false
356,44,2025-11-19 01:40:28,Paid_Search,generic_search,6,false
357,,2025-11-19 04:03:17,Paid_Search,generic_search,6,false
358,44,2025-11-21 19:46:54,Direct,,5,false
359,44,2025-11-22 18:59:10,SOCIAL,holiday_social,12,false
360,33,2025-11-22 19:58:55,organic,,5,false
361,,2025-11-23 22:41:42,email,winback,0,false
362,33,2025-11-25 11:35:47,SOCIAL,holiday_social,7,false
363,33,2025-11-25 20:35:07,Direct,,3,false
364,,2025-11-27 08:24:22,Direct,,8,false
365,,2025-11-27 16:16:45,Paid_Search,generic_search,7,false
366,,2025-11-27 20:02:02,email,newsletter,8,false
367,11,2025-11-28 09:44:12,organic,,1,true
368,25,2025-11-28 13:46:53,Paid_Search,brand_search,12,false
369,,2025-11-28 23:02:34,Paid_Search,generic_search,10,true
370,44,2025-11-29 08:12:36,SOCIAL,spring_social,4,false
371,,2025-12-02 02:59:54,Direct,,0,false
372,,2025-12-02 13:15:52,organic,,8,false
373,,2025-12-03 15:37:44,SOCIAL,spring_social,2,false
374,33,2025-12-05 23:02:04,SOCIAL,holiday_social,5,false
375,28,2025-12-07 05:00:51,email,winback,7,false
376,25,2025-12-09 02:42:42,organic,,4,false
377,25,2025-12-09 23:36:46,Paid_Search,brand_search,7,false
378,,2025-12-11 21:44:21,Paid_Search,brand_search,10,false
379,47,2025-12-12 02:32:06,SOCIAL,holiday_social,4,false
380,35,2025-12-12 13:09:44,Direct,,11,false
381,46,2025-12-14 01:14:02,SOCIAL,spring_social,3,false
382,46,2025-12-14 20:53:09,email,winback,7,false
383,,2025-12-16 17:14:01,email,newsletter,12,false
384,,2025-12-20 00:24:16,email,winback,4,false
385,25,2025-12-20 11:10:43,email,newsletter,11,false
386,17,2025-12-20 15:02:23,SOCIAL,spring_social,10,false
387,35,2025-12-20 17:00:14,SOCIAL,spring_social,5,false
388,17,2025-12-21 08:00:40,Paid_Search,generic_search,5,false
389,46,2025-12-21 09:03:43,Direct,,11,false
390,,2025-12-21 17:09:13,email,newsletter,5,false
391,,2025-12-22 04:11:19,SOCIAL,holiday_social,7,true
392,17,2025-12-23 00:48:55,email,winback,7,false
393,35,2025-12-23 08:17:06,organic,,10,false
394,,2025-12-23 10:17:01,email,winback,8,false
395,47,2025-12-23 19:53:12,Direct,,9,false
396,35,2025-12-25 20:55:02,Direct,,5,false
397,25,2025-12-27 10:25:55,email,newsletter,2,false
398,,2025-12-28 04:47:57,organic,,9,true
399,,2025-12-28 13:47:34,email,winback,12,false
400,,2025-12-29 07:18:06,Paid_Search,generic_search,12,false
401,,2025-12-29 10:31:35,SOCIAL,spring_social,4,false
402,17,2025-12-30 00:36:53,Direct,,8,false
403,17,2025-12-30 04:39:07,organic,,9,false
404,25,2025-12-30 10:54:10,Paid_Search,brand_search,5,false
