spend_day,channel,campaign,spend_usd,impressions,clicks
2025-01-01,Paid_Search,generic_search,17.87,703,3
2025-01-01,Email,winback,113.44,554,15
2025-01-02,Paid_Search,brand_search,84.29,1130,22
2025-01-02,SOCIAL,spring_social,57.03,306,3
2025-01-02,SOCIAL,holiday_social,58.85,1214,48
2025-01-03,Paid_Search,brand_search,69.84,4914,72
2025-01-03,Paid_Search,generic_search,21.28,2475,47
2025-01-03,SOCIAL,spring_social,27.54,1745,11
2025-01-03,SOCIAL,holiday_social,79.13,241,11
2025-01-04,Paid_Search,generic_search,53.72,1148,33
2025-01-04,Email,winback,100.41,1951,22
2025-01-05,Paid_Search,brand_search,46.03,3310,161
2025-01-05,Paid_Search,generic_search,82.27,3612,170
2025-01-05,SOCIAL,spring_social,70.03,1011,29
2025-01-05,Email,winback,58.82,4286,209
2025-01-06,Paid_Search,brand_search,42.23,2817,124
2025-01-06,SOCIAL,spring_social,33.49,463,17
2025-01-06,SOCIAL,holiday_social,36.41,2572,94
2025-01-06,Email,winback,9.91,3863,87
2025-01-07,Paid_Search,generic_search,6.97,2453,102
2025-01-07,Email,newsletter,51.47,2984,147
2025-01-07,Email,winback,26.63,816,2
2025-01-08,Paid_Search,brand_search,16.52,4056,85
2025-01-08,SOCIAL,spring_social,44.11,4527,184
2025-01-08,SOCIAL,holiday_social,103.84,700,15
2025-01-09,SOCIAL,holiday_social,17.59,3953,32
2025-01-10,SOCIAL,spring_social,57.97,1126,26
2025-01-10,SOCIAL,holiday_social,86.41,253,5
2025-01-10,Email,newsletter,30.62,3803,13
2025-01-10,Email,winback,81.31,3692,147
2025-01-11,Paid_Search,generic_search,26.99,2750,34
2025-01-11,SOCIAL,spring_social,105.45,4658,189
2025-01-12,Paid_Search,brand_search,9.83,3172,100
2025-01-12,Paid_Search,generic_search,52.81,2276,75
2025-01-12,SOCIAL,holiday_social,106.19,1933,62
2025-01-12,Email,newsletter,32.10,3345,19
2025-01-13,Paid_Search,generic_search,34.63,2352,21
2025-01-14,Paid_Search,brand_search,111.14,1321,42
2025-01-14,Paid_Search,generic_search,117.46,4980,131
2025-01-15,Paid_Search,generic_search,13.01,1023,42
2025-01-15,SOCIAL,spring_social,60.86,1336,58
2025-01-16,Email,newsletter,97.31,1990,89
2025-01-16,Email,winback,82.55,4959,147
2025-01-17,Paid_Search,brand_search,117.35,3329,86
2025-01-17,Paid_Search,generic_search,111.16,3634,38
2025-01-17,Email,winback,35.70,4314,106
2025-01-18,SOCIAL,spring_social,52.44,3380,25
2025-01-18,SOCIAL,holiday_social,70.83,2913,134
2025-01-18,Email,newsletter,111.93,2779,2
2025-01-18,Email,winback,46.50,826,13
2025-01-19,Paid_Search,generic_search,51.54,3379,139
2025-01-19,SOCIAL,spring_social,10.57,4657,220
2025-01-20,Paid_Search,brand_search,40.78,4837,110
2025-01-20,SOCIAL,spring_social,63.38,1196,43
2025-01-20,SOCIAL,holiday_social,112.53,1325,3
2025-01-21,SOCIAL,spring_social,8.12,2421,72
2025-01-21,Email,winback,80.17,2195,3
2025-01-23,SOCIAL,spring_social,113.69,358,15
2025-01-24,Paid_Search,brand_search,106.08,1086,33
2025-01-24,SOCIAL,spring_social,41.99,990,17
2025-01-24,SOCIAL,holiday_social,39.88,1450,43
2025-01-25,SOCIAL,holiday_social,41.66,298,5
2025-01-25,Email,newsletter,24.15,268,4
2025-01-26,Paid_Search,generic_search,90.81,319,2
2025-01-27,Paid_Search,generic_search,83.25,3995,163
2025-01-28,SOCIAL,spring_social,117.45,4740,66
2025-01-28,SOCIAL,holiday_social,47.96,4445,217
2025-01-28,Email,newsletter,10.12,416,7
2025-01-29,Paid_Search,brand_search,44.27,4205,149
2025-01-29,Email,newsletter,40.24,2939,139
2025-01-29,Email,winback,69.88,3402,21
2025-01-30,Paid_Search,brand_search,27.74,4481,27
2025-01-31,SOCIAL,spring_social,11.91,366,8
2025-01-31,SOCIAL,holiday_social,114.07,1148,52
2025-01-31,Email,newsletter,90.37,4392,105
2025-01-31,Email,winback,92.63,1687,34
2025-02-01,Paid_Search,generic_search,98.12,2415,31
2025-02-01,SOCIAL,spring_social,25.75,459,6
2025-02-01,SOCIAL,holiday_social,76.10,650,26
2025-02-01,Email,newsletter,89.91,492,7
2025-02-01,Email,winback,72.23,4287,21
2025-02-02,Paid_Search,brand_search,31.86,2339,100
2025-02-02,Paid_Search,generic_search,76.85,4455,176
2025-02-02,SOCIAL,spring_social,58.92,4545,107
2025-02-02,Email,winback,61.29,503,11
2025-02-03,Paid_Search,generic_search,62.03,2970,0
2025-02-03,SOCIAL,holiday_social,71.40,1380,29
2025-02-04,SOCIAL,holiday_social,101.48,4169,67
2025-02-05,SOCIAL,spring_social,110.72,231,9
2025-02-05,Email,newsletter,7.16,409,9
2025-02-06,SOCIAL,spring_social,66.94,3142,43
2025-02-06,SOCIAL,holiday_social,14.24,3652,53
2025-02-08,Email,newsletter,53.85,2460,32
2025-02-10,Paid_Search,brand_search,58.17,4507,21
2025-02-10,Paid_Search,generic_search,62.56,1639,11
2025-02-10,SOCIAL,spring_social,34.80,2997,82
2025-02-10,SOCIAL,holiday_social,89.44,3712,6
2025-02-11,Paid_Search,brand_search,95.05,1425,22
2025-02-11,Paid_Search,generic_search,26.54,1523,25
2025-02-12,Email,winback,29.45,1355,34
2025-02-13,Paid_Search,brand_search,95.11,2482,40
2025-02-13,SOCIAL,holiday_social,77.70,1374,26
2025-02-13,Email,newsletter,59.73,1996,62
2025-02-13,Email,winback,10.68,4308,95
2025-02-15,SOCIAL,spring_social,96.39,638,29
2025-02-15,Email,winback,71.81,1517,29
2025-02-16,Email,newsletter,33.85,2704,91
2025-02-17,Paid_Search,brand_search,97.57,424,16
2025-02-17,SOCIAL,spring_social,87.16,2740,18
2025-02-17,SOCIAL,holiday_social,54.30,303,14
2025-02-18,Paid_Search,brand_search,60.15,3580,23
2025-02-18,Paid_Search,generic_search,119.86,512,25
2025-02-18,SOCIAL,spring_social,10.97,2521,48
2025-02-19,Email,winback,78.68,2966,13
2025-02-20,Paid_Search,generic_search,12.36,1932,12
2025-02-20,SOCIAL,holiday_social,88.51,2694,83
2025-02-20,Email,newsletter,12.90,1013,34
2025-02-21,Paid_Search,generic_search,105.97,3451,156
2025-02-21,SOCIAL,spring_social,34.65,4376,75
2025-02-22,SOCIAL,holiday_social,28.61,200,1
2025-02-23,Email,newsletter,32.36,4040,132
2025-02-24,Paid_Search,brand_search,119.88,2246,24
2025-02-24,Paid_Search,generic_search,99.43,3512,142
2025-02-24,Email,newsletter,96.48,675,30
2025-02-24,Email,winback,106.09,816,15
2025-02-25,SOCIAL,holiday_social,19.22,4934,67
2025-02-26,SOCIAL,spring_social,93.34,3793,97
2025-02-26,Email,newsletter,24.54,1196,1
2025-02-27,Paid_Search,generic_search,79.02,817,34
2025-02-27,SOCIAL,spring_social,53.69,2687,72
2025-02-28,Email,newsletter,93.29,1184,53
2025-03-01,Paid_Search,brand_search,112.29,1511,1
2025-03-01,Email,winback,103.86,4203,0
2025-03-02,Paid_Search,brand_search,92.64,2733,97
2025-03-02,Paid_Search,generic_search,52.95,4520,108
2025-03-02,SOCIAL,holiday_social,92.71,1821,82
2025-03-02,Email,newsletter,40.55,1838,43
2025-03-03,Paid_Search,brand_search,103.40,3519,43
2025-03-03,Paid_Search,generic_search,59.15,2769,76
2025-03-03,SOCIAL,holiday_social,89.70,4262,172
2025-03-03,Email,newsletter,8.95,1373,14
2025-03-03,Email,winback,44.28,4399,219
2025-03-04,Paid_Search,brand_search,71.40,4630,134
2025-03-04,Email,newsletter,95.54,1426,40
2025-03-04,Email,winback,32.55,4653,159
2025-03-05,Paid_Search,brand_search,71.21,2768,75
2025-03-05,SOCIAL,holiday_social,33.90,1850,22
2025-03-06,Paid_Search,generic_search,66.81,3332,161
2025-03-06,Email,winback,14.30,4473,176
2025-03-07,Paid_Search,brand_search,50.70,245,11
2025-03-07,Paid_Search,generic_search,15.50,4235,29
2025-03-07,Email,newsletter,49.56,1389,47
2025-03-08,Paid_Search,generic_search,79.11,3037,94
2025-03-08,SOCIAL,holiday_social,102.33,3989,52
2025-03-09,Paid_Search,brand_search,75.46,653,8
2025-03-09,Email,winback,103.63,1147,56
2025-03-10,Paid_Search,brand_search,53.95,1305,65
2025-03-10,Paid_Search,generic_search,110.39,2732,42
2025-03-10,SOCIAL,spring_social,108.65,1703,74
2025-03-10,SOCIAL,holiday_social,105.34,4132,58
2025-03-11,Paid_Search,brand_search,75.31,1544,18
2025-03-11,Paid_Search,generic_search,83.75,480,1
2025-03-11,SOCIAL,holiday_social,60.19,2827,76
2025-03-11,Email,newsletter,99.97,1562,11
2025-03-11,Email,winback,58.43,1758,59
2025-03-12,Paid_Search,brand_search,84.56,2231,75
2025-03-12,Paid_Search,generic_search,116.06,4000,16
2025-03-12,SOCIAL,spring_social,17.68,549,21
2025-03-12,Email,newsletter,64.43,2590,104
2025-03-13,Paid_Search,brand_search,6.44,573,9
2025-03-13,Email,winback,5.98,2141,92
2025-03-14,Paid_Search,brand_search,29.69,2340,42
2025-03-14,SOCIAL,spring_social,37.98,858,12
2025-03-15,Paid_Search,generic_search,60.97,2056,17
2025-03-15,Email,newsletter,50.25,3088,112
2025-03-15,Email,winback,106.68,2013,24
2025-03-16,Email,newsletter,14.92,2440,94
2025-03-17,Paid_Search,brand_search,77.66,2660,13
2025-03-17,Paid_Search,generic_search,112.22,1743,37
2025-03-18,Paid_Search,generic_search,83.79,3816,129
2025-03-18,Email,winback,82.23,2350,2
2025-03-19,Email,newsletter,107.30,2596,73
2025-03-19,Email,winback,16.17,4271,71
2025-03-21,Paid_Search,brand_search,76.88,1194,31
2025-03-21,SOCIAL,holiday_social,88.82,4849,203
2025-03-21,Email,winback,46.07,1545,43
2025-03-22,Paid_Search,brand_search,95.85,3528,157
2025-03-22,Email,newsletter,119.02,4988,193
2025-03-23,Paid_Search,brand_search,107.52,4657,226
2025-03-23,Paid_Search,generic_search,77.13,3802,46
2025-03-23,SOCIAL,spring_social,83.12,2611,126
2025-03-23,SOCIAL,holiday_social,39.97,3764,85
2025-03-23,Email,winback,61.41,3236,93
2025-03-24,Paid_Search,generic_search,104.50,3307,64
2025-03-25,SOCIAL,spring_social,119.05,2415,60
2025-03-25,Email,newsletter,115.64,4858,239
2025-03-26,Paid_Search,generic_search,85.02,1159,42
2025-03-26,SOCIAL,holiday_social,98.39,4062,200
2025-03-26,Email,newsletter,86.78,2170,84
2025-03-27,Paid_Search,generic_search,19.24,2733,55
2025-03-27,SOCIAL,holiday_social,92.62,577,5
2025-03-28,Paid_Search,generic_search,48.93,4957,115
2025-03-28,SOCIAL,spring_social,57.66,3208,75
2025-03-28,Email,winback,64.85,1294,10
2025-03-29,Paid_Search,brand_search,109.80,382,2
2025-03-29,Paid_Search,generic_search,102.29,684,9
2025-03-29,SOCIAL,spring_social,17.04,1831,40
2025-03-29,Email,winback,100.05,3346,84
2025-03-30,Paid_Search,generic_search,60.17,1791,74
2025-03-30,SOCIAL,spring_social,89.13,928,46
2025-03-30,SOCIAL,holiday_social,58.57,722,11
2025-04-01,Paid_Search,generic_search,18.22,3208,101
2025-04-01,Email,winback,37.52,2232,107
2025-04-02,Paid_Search,brand_search,10.24,3907,40
2025-04-03,Paid_Search,generic_search,6.80,3889,73
2025-04-03,SOCIAL,holiday_social,64.25,4090,46
2025-04-03,Email,newsletter,28.62,3904,36
2025-04-04,Paid_Search,generic_search,27.31,352,2
2025-04-05,Paid_Search,brand_search,89.51,3186,68
2025-04-05,Email,newsletter,66.26,2260,14
2025-04-05,Email,winback,73.92,1821,39
2025-04-06,Paid_Search,brand_search,53.45,1266,46
2025-04-06,Paid_Search,generic_search,15.99,1155,22
2025-04-07,SOCIAL,spring_social,34.07,3493,119
2025-04-08,Paid_Search,generic_search,60.79,526,9
2025-04-09,Paid_Search,brand_search,34.08,4229,38
2025-04-09,Paid_Search,generic_search,100.50,1804,58
2025-04-09,SOCIAL,holiday_social,92.14,4471,163
2025-04-09,Email,winback,21.36,4108,121
2025-04-10,Paid_Search,brand_search,98.00,1692,17
2025-04-10,Paid_Search,generic_search,27.44,1003,0
2025-04-10,Email,winback,109.96,4413,193
2025-04-11,Email,winback,114.80,1375,47
2025-04-13,Paid_Search,brand_search,49.60,4407,128
2025-04-13,Email,newsletter,85.33,2151,103
2025-04-13,Email,winback,17.29,1595,30
2025-04-14,Paid_Search,generic_search,11.69,2436,120
2025-04-15,SOCIAL,spring_social,53.69,4814,9
2025-04-15,Email,newsletter,59.59,917,20
2025-04-15,Email,winback,88.27,2076,88
2025-04-16,Paid_Search,brand_search,22.06,3084,25
2025-04-16,Paid_Search,generic_search,51.84,1474,33
2025-04-16,SOCIAL,holiday_social,19.47,3017,33
2025-04-16,Email,newsletter,60.60,4068,113
2025-04-19,Paid_Search,generic_search,48.18,2158,105
2025-04-19,SOCIAL,holiday_social,15.26,2659,47
2025-04-20,SOCIAL,holiday_social,12.19,1274,29
2025-04-20,Email,newsletter,79.51,497,15
2025-04-20,Email,winback,9.94,2353,100
2025-04-21,SOCIAL,spring_social,105.74,4260,5
2025-04-21,SOCIAL,holiday_social,7.48,2469,6
2025-04-21,Email,newsletter,85.70,4975,45
2025-04-22,Paid_Search,brand_search,58.57,4370,189
2025-04-22,Paid_Search,generic_search,31.41,3959,110
2025-04-23,Paid_Search,generic_search,94.89,4001,169
2025-04-23,Email,newsletter,74.77,607,11
2025-04-23,Email,winback,56.81,3738,86
2025-04-24,SOCIAL,spring_social,106.67,1184,45
2025-04-24,SOCIAL,holiday_social,57.21,1926,82
2025-04-25,Paid_Search,brand_search,14.29,2193,60
2025-04-25,Paid_Search,generic_search,33.04,487,5
2025-04-25,SOCIAL,holiday_social,16.79,1200,52
2025-04-25,Email,winback,54.33,3978,44
2025-04-27,Paid_Search,generic_search,20.25,4909,58
2025-04-27,SOCIAL,spring_social,91.37,4267,82
2025-04-27,Email,winback,102.96,2110,92
2025-04-28,Paid_Search,brand_search,104.13,3319,116
2025-04-28,SOCIAL,holiday_social,88.98,3006,11
2025-04-28,Email,newsletter,114.14,3502,171
2025-04-28,Email,winback,7.87,1058,46
2025-04-29,Paid_Search,brand_search,83.24,4981,81
2025-04-29,SOCIAL,holiday_social,46.30,3548,10
2025-04-30,SOCIAL,spring_social,83.37,1454,52
2025-04-30,SOCIAL,holiday_social,74.54,2333,32
2025-04-30,Email,newsletter,85.51,1111,19
2025-05-01,Paid_Search,generic_search,33.52,1964,6
2025-05-01,Email,winback,114.03,1482,65
2025-05-02,SOCIAL,holiday_social,73.69,3241,119
2025-05-02,Email,winback,29.54,1157,8
2025-05-03,SOCIAL,spring_social,78.04,3096,98
2025-05-03,Email,newsletter,107.43,2892,130
2025-05-04,SOCIAL,spring_social,102.13,1962,62
2025-05-04,Email,newsletter,35.78,1229,54
2025-05-06,Email,newsletter,37.62,1209,7
2025-05-06,Email,winback,33.22,2709,34
2025-05-07,Paid_Search,generic_search,39.92,3413,78
2025-05-07,SOCIAL,spring_social,28.73,868,21
2025-05-08,SOCIAL,spring_social,51.11,696,16
2025-05-08,SOCIAL,holiday_social,15.87,4011,40
2025-05-08,Email,winback,13.13,4363,104
2025-05-09,Email,newsletter,11.20,3176,73
2025-05-09,Email,winback,16.60,4998,47
2025-05-10,Email,newsletter,15.15,620,2
2025-05-11,Paid_Search,brand_search,41.93,2659,132
2025-05-11,Paid_Search,generic_search,98.57,276,8
2025-05-11,SOCIAL,holiday_social,119.15,4253,201
2025-05-11,Email,newsletter,103.15,453,5
2025-05-12,Paid_Search,brand_search,87.87,2431,79
2025-05-12,Paid_Search,generic_search,101.97,2088,92
2025-05-12,SOCIAL,holiday_social,80.21,3344,79
2025-05-12,Email,newsletter,37.05,2889,81
2025-05-12,Email,winback,20.14,3601,146
2025-05-14,SOCIAL,spring_social,54.69,4947,130
2025-05-15,Paid_Search,brand_search,46.87,3696,31
2025-05-15,SOCIAL,spring_social,66.91,1038,12
2025-05-15,SOCIAL,holiday_social,18.79,2411,96
2025-05-17,SOCIAL,spring_social,42.15,231,2
2025-05-17,SOCIAL,holiday_social,98.73,2807,100
2025-05-17,Email,winback,34.96,2838,81
2025-05-18,Paid_Search,brand_search,46.02,1970,30
2025-05-18,Paid_Search,generic_search,105.72,1975,41
2025-05-18,SOCIAL,holiday_social,34.51,2865,120
2025-05-19,Paid_Search,generic_search,22.27,2321,87
2025-05-20,SOCIAL,holiday_social,60.59,2376,44
2025-05-20,Email,newsletter,60.04,527,19
2025-05-20,Email,winback,19.54,489,22
2025-05-22,SOCIAL,holiday_social,77.93,2568,20
2025-05-23,Paid_Search,generic_search,110.09,4825,54
2025-05-23,SOCIAL,spring_social,115.07,1367,63
2025-05-23,SOCIAL,holiday_social,24.52,2807,17
2025-05-24,Paid_Search,generic_search,56.91,4865,191
2025-05-24,SOCIAL,spring_social,45.93,4509,7
2025-05-25,SOCIAL,spring_social,17.45,4148,170
2025-05-25,SOCIAL,holiday_social,47.94,4097,33
2025-05-26,Paid_Search,brand_search,77.85,963,4
2025-05-26,Paid_Search,generic_search,76.22,2140,11
2025-05-26,SOCIAL,holiday_social,111.64,2678,67
2025-05-27,Paid_Search,brand_search,50.28,2402,3
2025-05-27,Email,newsletter,94.86,3791,5
2025-05-28,Paid_Search,brand_search,115.07,3832,74
2025-05-28,Paid_Search,generic_search,49.23,2817,13
2025-05-28,Email,newsletter,79.31,964,34
2025-05-29,SOCIAL,holiday_social,83.84,722,15
2025-05-30,Paid_Search,brand_search,48.57,2656,48
2025-05-30,Paid_Search,generic_search,30.21,1214,16
2025-06-01,Paid_Search,generic_search,119.41,950,31
2025-06-01,SOCIAL,holiday_social,116.39,3042,135
2025-06-02,Paid_Search,generic_search,112.19,2722,3
2025-06-02,SOCIAL,holiday_social,86.20,3160,46
2025-06-03,Email,winback,72.12,3093,43
2025-06-04,Paid_Search,generic_search,21.62,2375,83
2025-06-04,SOCIAL,holiday_social,57.18,3136,145
2025-06-04,Email,winback,29.42,2415,25
2025-06-05,SOCIAL,spring_social,39.97,4612,60
2025-06-05,SOCIAL,holiday_social,78.91,1733,0
2025-06-05,Email,newsletter,94.26,2377,87
2025-06-06,Paid_Search,brand_search,54.28,4345,177
2025-06-06,Paid_Search,generic_search,101.54,3457,60
2025-06-06,Email,newsletter,15.25,4245,201
2025-06-07,Paid_Search,generic_search,66.69,1352,11
2025-06-07,SOCIAL,spring_social,31.15,1719,15
2025-06-08,Paid_Search,brand_search,101.48,4780,192
2025-06-08,Email,newsletter,37.72,331,2
2025-06-09,Email,newsletter,103.24,3713,38
2025-06-10,Paid_Search,generic_search,115.47,2377,18
2025-06-10,SOCIAL,holiday_social,26.31,843,1
2025-06-10,Email,winback,89.41,4321,82
2025-06-11,SOCIAL,spring_social,62.05,4150,22
2025-06-12,Email,newsletter,117.39,201,9
2025-06-13,SOCIAL,spring_social,8.58,542,9
2025-06-13,SOCIAL,holiday_social,100.58,1978,55
2025-06-14,SOCIAL,spring_social,107.37,1307,47
2025-06-14,Email,newsletter,30.03,4090,116
2025-06-14,Email,winback,48.69,4748,98
2025-06-15,Paid_Search,brand_search,89.26,3643,116
2025-06-15,Paid_Search,generic_search,67.84,377,8
2025-06-15,SOCIAL,holiday_social,108.28,2802,10
2025-06-15,Email,winback,119.43,2806,79
2025-06-16,Paid_Search,brand_search,100.94,2449,72
2025-06-16,SOCIAL,holiday_social,20.31,3582,159
2025-06-16,Email,newsletter,13.93,1752,47
2025-06-16,Email,winback,21.85,3452,4
2025-06-17,Paid_Search,brand_search,21.05,2103,20
2025-06-17,Email,winback,100.09,895,15
2025-06-18,Paid_Search,generic_search,16.76,4978,195
2025-06-18,SOCIAL,spring_social,25.01,1504,45
2025-06-18,SOCIAL,holiday_social,59.32,629,13
2025-06-22,SOCIAL,holiday_social,118.98,3510,69
2025-06-22,Email,newsletter,94.62,654,10
2025-06-22,Email,winback,65.02,2663,63
2025-06-23,SOCIAL,spring_social,112.02,1068,39
2025-06-24,SOCIAL,holiday_social,49.85,3816,68
2025-06-25,Paid_Search,brand_search,105.35,3731,70
2025-06-25,SOCIAL,spring_social,52.23,2885,50
2025-06-25,SOCIAL,holiday_social,18.86,319,4
2025-06-25,Email,winback,65.11,2343,73
2025-06-26,Paid_Search,generic_search,96.27,473,13
2025-06-26,SOCIAL,spring_social,33.37,2861,85
2025-06-26,Email,newsletter,37.18,919,3
2025-06-27,Paid_Search,generic_search,16.48,3116,70
2025-06-27,Email,winback,100.16,2100,47
2025-06-28,Paid_Search,brand_search,50.32,2555,31
2025-06-28,SOCIAL,holiday_social,105.01,742,11
2025-06-29,Paid_Search,brand_search,14.59,2221,47
2025-06-29,SOCIAL,spring_social,31.89,3546,144
2025-06-29,Email,newsletter,118.58,3506,30
2025-06-29,Email,winback,56.19,1688,7
2025-06-30,SOCIAL,spring_social,35.16,724,21
2025-07-01,SOCIAL,spring_social,40.34,799,38
2025-07-01,SOCIAL,holiday_social,27.29,1896,61
2025-07-01,Email,newsletter,67.27,3134,134
2025-07-01,Email,winback,89.63,4872,197
2025-07-02,Paid_Search,generic_search,31.10,3616,103
2025-07-02,SOCIAL,spring_social,49.34,2403,99
2025-07-02,SOCIAL,holiday_social,9.19,468,15
2025-07-02,Email,winback,65.37,1155,53
2025-07-03,Paid_Search,brand_search,81.22,4817,198
2025-07-04,Paid_Search,brand_search,102.41,1583,56
2025-07-04,Paid_Search,generic_search,119.36,475,9
2025-07-04,SOCIAL,spring_social,46.05,4374,88
2025-07-05,Paid_Search,brand_search,113.98,1841,67
2025-07-05,SOCIAL,holiday_social,30.10,2693,43
2025-07-06,Email,newsletter,26.04,3145,95
2025-07-07,Paid_Search,generic_search,85.93,3140,54
2025-07-07,Email,newsletter,56.09,1394,62
2025-07-08,Paid_Search,brand_search,99.35,3854,120
2025-07-08,Paid_Search,generic_search,101.20,2989,96
2025-07-08,SOCIAL,holiday_social,102.66,3288,55
2025-07-08,Email,newsletter,20.72,297,2
2025-07-08,Email,winback,57.31,2329,110
2025-07-09,SOCIAL,spring_social,26.57,3945,146
2025-07-09,SOCIAL,holiday_social,8.51,4811,96
2025-07-09,Email,winback,81.20,3600,39
2025-07-10,SOCIAL,spring_social,77.25,3029,18
2025-07-10,SOCIAL,holiday_social,96.50,1977,44
2025-07-10,Email,newsletter,114.20,3372,27
2025-07-10,Email,winback,35.68,303,13
2025-07-11,Paid_Search,generic_search,94.56,1232,34
2025-07-11,SOCIAL,spring_social,9.18,1466,47
2025-07-11,SOCIAL,holiday_social,47.30,3773,180
2025-07-12,Paid_Search,brand_search,56.44,1120,23
2025-07-13,Paid_Search,brand_search,71.41,3088,153
2025-07-13,SOCIAL,spring_social,87.82,2089,98
2025-07-13,SOCIAL,holiday_social,104.11,804,37
2025-07-13,Email,newsletter,35.63,2391,21
2025-07-14,Paid_Search,brand_search,79.42,3129,57
2025-07-14,Paid_Search,generic_search,56.36,2719,9
2025-07-15,Paid_Search,generic_search,69.53,3095,62
2025-07-15,SOCIAL,spring_social,104.84,3629,55
2025-07-15,SOCIAL,holiday_social,95.37,4341,138
2025-07-16,Paid_Search,brand_search,95.94,3213,25
2025-07-16,Paid_Search,generic_search,80.41,3448,69
2025-07-16,SOCIAL,holiday_social,55.11,2001,65
2025-07-16,Email,winback,108.84,602,20
2025-07-17,Paid_Search,brand_search,91.66,1200,20
2025-07-17,SOCIAL,holiday_social,49.38,2743,122
2025-07-18,SOCIAL,spring_social,90.21,3168,140
2025-07-19,Paid_Search,generic_search,13.90,3894,68
2025-07-19,SOCIAL,spring_social,22.40,764,12
2025-07-19,Email,newsletter,62.90,4908,52
2025-07-20,SOCIAL,holiday_social,57.18,4317,47
2025-07-20,Email,newsletter,16.63,4391,81
2025-07-20,Email,winback,31.05,3227,92
2025-07-21,Paid_Search,brand_search,59.41,2599,5
2025-07-21,SOCIAL,holiday_social,114.26,2054,88
2025-07-21,Email,newsletter,81.13,1495,21
2025-07-21,Email,winback,69.32,698,8
2025-07-22,Paid_Search,generic_search,96.38,4864,167
2025-07-23,SOCIAL,holiday_social,19.68,2035,19
2025-07-24,Email,newsletter,111.68,4956,49
2025-07-25,Paid_Search,brand_search,109.06,414,13
2025-07-26,Paid_Search,brand_search,20.17,448,13
2025-07-26,Paid_Search,generic_search,105.60,867,38
2025-07-26,SOCIAL,spring_social,16.08,871,23
2025-07-26,SOCIAL,holiday_social,37.61,4463,100
2025-07-26,Email,newsletter,69.13,505,2
2025-07-27,Paid_Search,brand_search,56.75,3967,39
2025-07-27,Paid_Search,generic_search,81.44,2996,80
2025-07-28,Email,newsletter,89.00,3185,82
2025-07-28,Email,winback,94.84,2620,89
2025-07-29,Paid_Search,brand_search,33.14,4037,189
2025-07-29,Paid_Search,generic_search,89.21,2851,113
2025-07-29,Email,newsletter,83.40,2839,27
2025-07-29,Email,winback,70.23,4298,125
2025-07-30,Paid_Search,generic_search,20.40,2297,53
2025-07-30,Email,newsletter,37.92,1625,33
2025-07-31,Paid_Search,generic_search,86.09,963,45
2025-07-31,Email,newsletter,26.55,3214,9
2025-07-31,Email,winback,17.24,2426,77
2025-08-01,Email,newsletter,28.71,3260,4
2025-08-01,Email,winback,40.70,490,11
2025-08-02,Paid_Search,brand_search,29.61,1222,14
2025-08-02,Email,winback,89.31,962,43
2025-08-03,Email,newsletter,91.76,445,13
2025-08-04,SOCIAL,spring_social,31.56,4564,14
2025-08-05,Paid_Search,brand_search,106.22,4728,212
2025-08-05,Paid_Search,generic_search,70.12,760,17
2025-08-05,SOCIAL,spring_social,60.29,1143,18
2025-08-07,SOCIAL,spring_social,97.79,3866,24
2025-08-07,SOCIAL,holiday_social,104.80,3658,91
2025-08-08,SOCIAL,holiday_social,16.14,1090,6
2025-08-08,Email,newsletter,100.86,1922,11
2025-08-09,Paid_Search,brand_search,87.21,4409,123
2025-08-10,Paid_Search,generic_search,81.32,3486,149
2025-08-10,Email,newsletter,92.99,1720,57
2025-08-12,SOCIAL,spring_social,101.42,4302,84
2025-08-12,SOCIAL,holiday_social,78.53,2379,44
2025-08-12,Email,newsletter,54.53,2687,127
2025-08-12,Email,winback,66.46,3308,98
2025-08-14,Paid_Search,brand_search,40.76,2376,48
2025-08-14,Email,winback,102.66,3976,131
2025-08-15,Paid_Search,brand_search,110.31,3473,143
2025-08-15,Paid_Search,generic_search,94.68,1131,0
2025-08-16,Paid_Search,generic_search,99.17,4622,46
2025-08-16,SOCIAL,spring_social,49.45,3664,1
2025-08-16,SOCIAL,holiday_social,29.45,1196,6
2025-08-17,Paid_Search,brand_search,88.13,1852,7
2025-08-17,SOCIAL,holiday_social,14.57,1213,41
2025-08-17,Email,winback,56.92,3479,40
2025-08-18,Paid_Search,generic_search,117.10,2746,40
2025-08-18,Email,newsletter,21.12,4258,62
2025-08-19,Email,newsletter,30.16,901,11
2025-08-20,Paid_Search,brand_search,72.16,2206,24
2025-08-20,Paid_Search,generic_search,81.51,2624,95
2025-08-21,Paid_Search,brand_search,22.31,3919,167
2025-08-21,Email,newsletter,105.42,4520,110
2025-08-22,SOCIAL,spring_social,72.08,489,10
2025-08-22,Email,newsletter,89.77,4231,127
2025-08-22,Email,winback,91.72,4221,88
2025-08-23,Email,winback,114.46,1747,23
2025-08-24,Email,newsletter,24.55,3386,69
2025-08-25,Paid_Search,brand_search,75.66,4724,163
2025-08-26,Paid_Search,brand_search,15.75,4248,138
2025-08-26,Paid_Search,generic_search,86.71,2803,75
2025-08-26,SOCIAL,spring_social,28.82,2008,49
2025-08-26,Email,newsletter,51.66,268,11
2025-08-27,Paid_Search,brand_search,113.72,2199,105
2025-08-27,SOCIAL,spring_social,8.62,2569,4
2025-08-28,Paid_Search,generic_search,47.31,2714,42
2025-08-28,Email,winback,37.45,423,15
2025-08-29,Paid_Search,generic_search,113.67,3302,44
2025-08-30,Paid_Search,brand_search,9.80,849,13
2025-08-30,Paid_Search,generic_search,52.49,3435,37
2025-08-30,SOCIAL,holiday_social,97.12,2810,93
2025-08-31,Paid_Search,generic_search,58.77,3203,87
2025-09-01,SOCIAL,spring_social,66.83,2918,7
2025-09-01,SOCIAL,holiday_social,81.29,3456,106
2025-09-01,Email,winback,103.54,4730,117
2025-09-02,SOCIAL,holiday_social,31.89,4845,77
2025-09-03,Email,newsletter,116.57,3399,152
2025-09-03,Email,winback,118.18,4173,116
2025-09-04,Paid_Search,brand_search,52.71,1295,11
2025-09-04,Email,newsletter,102.89,4096,92
2025-09-04,Email,winback,116.66,678,4
2025-09-06,Email,newsletter,90.29,511,4
2025-09-06,Email,winback,12.07,593,20
2025-09-07,SOCIAL,spring_social,89.54,4843,168
2025-09-07,SOCIAL,holiday_social,117.87,2228,13
2025-09-07,Email,winback,95.97,2047,91
2025-09-08,Email,newsletter,53.87,1273,37
2025-09-09,Paid_Search,generic_search,22.46,2694,35
2025-09-10,Paid_Search,brand_search,44.95,814,21
2025-09-10,Paid_Search,generic_search,78.51,2119,18
2025-09-10,Email,newsletter,45.13,647,21
2025-09-11,Paid_Search,generic_search,119.75,1745,51
2025-09-12,Paid_Search,brand_search,70.98,2357,84
2025-09-12,Email,newsletter,61.97,2189,54
2025-09-13,Paid_Search,generic_search,90.06,3062,122
2025-09-13,Email,winback,24.08,2436,61
2025-09-14,Paid_Search,generic_search,113.52,3331,38
2025-09-14,SOCIAL,spring_social,116.17,2292,79
2025-09-14,Email,newsletter,20.84,4104,17
2025-09-14,Email,winback,77.50,250,4
2025-09-15,SOCIAL,spring_social,90.98,2640,87
2025-09-16,Paid_Search,brand_search,45.99,3051,73
2025-09-16,Paid_Search,generic_search,111.28,3822,188
2025-09-17,Paid_Search,brand_search,102.34,4864,73
2025-09-17,Paid_Search,generic_search,39.10,230,2
2025-09-17,Email,winback,104.83,1951,89
2025-09-18,Paid_Search,generic_search,27.60,521,7
2025-09-19,SOCIAL,spring_social,56.63,1791,40
2025-09-19,SOCIAL,holiday_social,109.82,4006,158
2025-09-19,Email,newsletter,56.49,4321,198
2025-09-19,Email,winback,75.65,1988,36
2025-09-20,Paid_Search,brand_search,11.90,1663,72
2025-09-20,Paid_Search,generic_search,10.26,2663,58
2025-09-20,Email,newsletter,6.63,1987,97
2025-09-21,SOCIAL,holiday_social,100.13,2640,121
2025-09-22,Paid_Search,brand_search,72.93,2976,97
2025-09-22,Paid_Search,generic_search,107.70,3165,38
2025-09-22,SOCIAL,holiday_social,113.78,2223,2
2025-09-24,Paid_Search,generic_search,55.31,864,5
2025-09-24,SOCIAL,spring_social,7.92,4929,225
2025-09-24,SOCIAL,holiday_social,53.21,4570,188
2025-09-25,Paid_Search,brand_search,18.08,1141,43
2025-09-25,Paid_Search,generic_search,57.53,2535,78
2025-09-25,SOCIAL,spring_social,77.97,1971,3
2025-09-26,SOCIAL,spring_social,85.16,1220,18
2025-09-26,Email,winback,25.35,3036,114
2025-09-27,Paid_Search,generic_search,58.86,3527,68
2025-09-27,SOCIAL,spring_social,10.72,2662,20
2025-09-27,SOCIAL,holiday_social,101.58,1760,47
2025-09-28,SOCIAL,spring_social,118.19,820,28
2025-09-28,SOCIAL,holiday_social,54.12,1358,2
2025-10-01,Paid_Search,brand_search,119.46,3354,106
2025-10-01,Paid_Search,generic_search,88.12,3320,143
2025-10-01,SOCIAL,spring_social,23.69,2683,119
2025-10-01,Email,winback,80.45,4763,178
2025-10-02,Email,newsletter,12.08,4452,165
2025-10-03,Paid_Search,brand_search,63.25,3923,173
2025-10-03,Email,newsletter,101.21,3475,115
2025-10-04,SOCIAL,spring_social,23.56,3324,156
2025-10-04,SOCIAL,holiday_social,36.89,489,12
2025-10-04,Email,newsletter,114.56,2178,33
2025-10-05,Email,newsletter,53.09,2591,76
2025-10-06,Paid_Search,generic_search,53.86,3870,170
2025-10-06,SOCIAL,spring_social,40.69,4695,92
2025-10-07,Paid_Search,generic_search,32.44,1322,45
2025-10-07,Email,newsletter,15.47,4659,135
2025-10-07,Email,winback,36.94,2478,108
2025-10-08,Paid_Search,brand_search,37.87,4117,138
2025-10-08,Paid_Search,generic_search,74.77,3428,153
2025-10-08,Email,newsletter,100.44,3703,172
2025-10-09,Paid_Search,generic_search,44.70,719,10
2025-10-10,Paid_Search,brand_search,84.84,657,4
2025-10-10,Paid_Search,generic_search,98.92,322,6
2025-10-10,SOCIAL,spring_social,68.02,4350,132
2025-10-10,Email,newsletter,115.98,4323,10
2025-10-11,SOCIAL,holiday_social,7.36,4094,182
2025-10-11,Email,newsletter,97.25,408,11
2025-10-11,Email,winback,5.78,1258,46
2025-10-14,Paid_Search,brand_search,87.82,2018,86
2025-10-14,SOCIAL,spring_social,43.01,4250,194
2025-10-14,SOCIAL,holiday_social,54.72,3807,126
2025-10-14,Email,winback,50.59,2250,96
2025-10-16,Paid_Search,brand_search,61.54,1650,63
2025-10-16,Paid_Search,generic_search,18.15,4676,176
2025-10-16,Email,newsletter,9.42,4377,190
2025-10-16,Email,winback,67.67,1797,74
2025-10-17,Email,newsletter,73.21,1172,54
2025-10-18,Paid_Search,generic_search,104.74,1206,35
2025-10-18,Email,newsletter,96.18,1195,6
2025-10-18,Email,winback,49.37,3166,17
2025-10-19,Paid_Search,brand_search,105.68,2655,116
2025-10-19,Email,winback,47.45,2177,28
2025-10-20,Paid_Search,brand_search,103.61,3236,36
2025-10-20,Paid_Search,generic_search,46.23,349,12
2025-10-20,Email,newsletter,6.65,587,0
2025-10-22,Paid_Search,generic_search,29.09,3716,160
2025-10-22,SOCIAL,holiday_social,69.17,1933,84
2025-10-22,Email,winback,95.07,2944,127
2025-10-23,Paid_Search,brand_search,105.12,817,35
2025-10-23,SOCIAL,spring_social,57.85,4302,17
2025-10-23,SOCIAL,holiday_social,44.05,2907,84
2025-10-24,Paid_Search,brand_search,54.21,2656,72
2025-10-25,Paid_Search,brand_search,28.50,4406,194
2025-10-25,SOCIAL,spring_social,118.92,2111,83
2025-10-25,SOCIAL,holiday_social,89.07,4501,216
2025-10-25,Email,newsletter,98.75,2613,64
2025-10-26,Paid_Search,brand_search,57.94,1416,48
2025-10-26,Paid_Search,generic_search,22.20,729,7
2025-10-26,Email,newsletter,52.10,2457,45
2025-10-26,Email,winback,30.65,2896,135
2025-10-27,Paid_Search,generic_search,58.69,1551,44
2025-10-27,SOCIAL,spring_social,83.87,3117,53
2025-10-27,Email,newsletter,60.90,2494,110
2025-10-28,SOCIAL,spring_social,82.80,2248,81
2025-10-28,SOCIAL,holiday_social,81.38,788,31
2025-10-29,Paid_Search,brand_search,76.09,2794,120
2025-10-29,SOCIAL,spring_social,108.63,829,29
2025-10-30,Paid_Search,brand_search,76.06,1540,10
2025-10-30,SOCIAL,spring_social,40.46,4309,162
2025-10-30,SOCIAL,holiday_social,79.47,3482,156
2025-10-31,Paid_Search,brand_search,20.06,2559,105
2025-10-31,Paid_Search,generic_search,91.06,1878,66
2025-11-01,Paid_Search,generic_search,117.86,2093,56
2025-11-01,SOCIAL,spring_social,94.12,1126,48
2025-11-01,SOCIAL,holiday_social,103.61,1097,3
2025-11-01,Email,newsletter,40.27,1253,54
2025-11-02,Email,newsletter,59.71,1382,1
2025-11-03,Paid_Search,brand_search,91.21,2327,96
2025-11-03,Email,winback,14.89,1158,23
2025-11-04,Paid_Search,generic_search,111.61,1359,37
2025-11-05,Paid_Search,brand_search,32.35,1087,39
2025-11-05,Paid_Search,generic_search,85.38,965,38
2025-11-06,Paid_Search,brand_search,107.81,1112,50
2025-11-06,Paid_Search,generic_search,67.35,4936,241
2025-11-06,SOCIAL,spring_social,54.89,4006,128
2025-11-06,Email,winback,69.63,1341,26
2025-11-07,Paid_Search,brand_search,89.80,1037,10
2025-11-07,Paid_Search,generic_search,82.95,823,4
2025-11-08,Paid_Search,generic_search,5.01,3602,67
2025-11-08,SOCIAL,spring_social,18.11,3313,78
2025-11-08,SOCIAL,holiday_social,72.08,1880,33
2025-11-08,Email,newsletter,34.47,2608,113
2025-11-08,Email,winback,90.34,1217,26
2025-11-09,Paid_Search,brand_search,76.48,4877,140
2025-11-09,Paid_Search,generic_search,38.97,996,47
2025-11-09,SOCIAL,spring_social,94.07,3805,141
2025-11-09,SOCIAL,holiday_social,18.88,3399,98
2025-11-09,Email,winback,44.99,2283,35
2025-11-10,Paid_Search,brand_search,70.44,1531,60
2025-11-11,SOCIAL,spring_social,47.16,4951,12
2025-11-11,Email,winback,56.35,870,16
2025-11-12,SOCIAL,spring_social,63.24,3433,91
2025-11-12,SOCIAL,holiday_social,110.94,1377,1
2025-11-13,Paid_Search,generic_search,56.19,3911,36
2025-11-14,Paid_Search,brand_search,74.42,3885,125
2025-11-14,Email,newsletter,25.83,3458,118
2025-11-15,Paid_Search,brand_search,77.60,4817,81
2025-11-15,Paid_Search,generic_search,21.46,3152,154
2025-11-15,SOCIAL,spring_social,93.52,3137,113
2025-11-15,Email,newsletter,28.57,4502,56
2025-11-15,Email,winback,40.71,1997,10
2025-11-16,Paid_Search,brand_search,7.36,1552,54
2025-11-16,Paid_Search,generic_search,89.43,615,26
2025-11-16,SOCIAL,spring_social,111.71,1634,15
2025-11-16,SOCIAL,holiday_social,13.32,962,41
2025-11-16,Email,winback,102.48,3844,56
2025-11-17,Email,newsletter,103.90,1263,63
2025-11-18,SOCIAL,spring_social,29.39,2169,101
2025-11-18,SOCIAL,holiday_social,115.21,3148,100
2025-11-18,Email,newsletter,39.81,561,13
2025-11-18,Email,winback,14.24,3365,9
2025-11-19,Paid_Search,brand_search,30.77,1607,79
2025-11-19,Email,newsletter,83.95,1898,80
2025-11-19,Email,winback,81.99,4262,23
2025-11-20,SOCIAL,spring_social,119.22,3091,53
2025-11-20,Email,newsletter,75.37,2537,22
2025-11-21,SOCIAL,holiday_social,32.31,1830,54
2025-11-22,Paid_Search,generic_search,15.00,2797,96
2025-11-22,SOCIAL,holiday_social,52.44,1599,55
2025-11-22,Email,winback,29.65,3143,71
2025-11-23,Email,newsletter,75.86,2448,78
2025-11-24,Email,newsletter,60.45,2158,100
2025-11-24,Email,winback,47.23,2027,32
2025-11-26,Paid_Search,generic_search,11.28,1947,70
2025-11-26,Email,newsletter,10.50,3383,135
2025-11-27,Paid_Search,brand_search,94.88,4713,227
2025-11-27,Paid_Search,generic_search,95.56,1803,64
2025-11-27,SOCIAL,spring_social,35.81,1954,69
2025-11-27,SOCIAL,holiday_social,30.80,2802,126
2025-11-28,SOCIAL,spring_social,83.19,3858,63
2025-11-29,SOCIAL,spring_social,31.39,4296,125
2025-11-29,Email,newsletter,69.25,1906,79
2025-11-30,SOCIAL,spring_social,44.09,3231,22
2025-11-30,SOCIAL,holiday_social,81.86,345,4
2025-11-30,Email,newsletter,72.94,3448,18
2025-12-01,Paid_Search,brand_search,98.05,3067,82
2025-12-01,Paid_Search,generic_search,75.05,1562,15
2025-12-01,SOCIAL,holiday_social,35.66,719,17
2025-12-01,Email,newsletter,78.99,2090,82
2025-12-01,Email,winback,49.84,2127,6
2025-12-02,Paid_Search,brand_search,41.49,3757,111
2025-12-02,SOCIAL,spring_social,66.01,1653,33
2025-12-02,SOCIAL,holiday_social,30.42,4493,90
2025-12-03,Paid_Search,generic_search,79.30,1459,53
2025-12-04,SOCIAL,spring_social,73.87,4398,2
2025-12-04,SOCIAL,holiday_social,98.82,2019,20
2025-12-04,Email,newsletter,82.40,270,8
2025-12-05,SOCIAL,spring_social,82.47,848,4
2025-12-05,Email,newsletter,10.66,4832,58
2025-12-06,Paid_Search,generic_search,104.36,3016,62
2025-12-06,SOCIAL,spring_social,94.75,1020,16
2025-12-07,Paid_Search,brand_search,60.70,1292,28
2025-12-08,Paid_Search,brand_search,49.66,4760,99
2025-12-08,SOCIAL,holiday_social,117.09,3194,78
2025-12-08,Email,winback,52.40,4264,15
2025-12-09,Paid_Search,generic_search,17.03,3231,55
2025-12-09,Email,winback,16.29,4203,128
2025-12-10,Paid_Search,generic_search,12.47,1281,59
2025-12-10,SOCIAL,spring_social,27.67,4870,5
2025-12-11,Paid_Search,brand_search,57.88,3165,153
2025-12-11,Paid_Search,generic_search,95.93,2969,60
2025-12-11,SOCIAL,holiday_social,62.21,2261,23
2025-12-12,SOCIAL,spring_social,27.41,4793,163
2025-12-13,Paid_Search,brand_search,36.42,715,1
2025-12-13,Paid_Search,generic_search,77.92,4267,47
2025-12-13,SOCIAL,spring_social,77.34,253,12
2025-12-13,Email,newsletter,95.83,2605,125
2025-12-14,SOCIAL,spring_social,60.55,1590,8
2025-12-14,SOCIAL,holiday_social,77.75,4326,94
2025-12-14,Email,newsletter,119.27,2914,67
2025-12-14,Email,winback,88.56,1036,44
2025-12-15,Paid_Search,brand_search,55.70,1351,29
2025-12-15,Paid_Search,generic_search,82.35,2629,102
2025-12-15,SOCIAL,spring_social,107.72,4451,184
2025-12-15,Email,newsletter,38.92,656,11
2025-12-15,Email,winback,82.07,2558,67
2025-12-16,Paid_Search,brand_search,14.86,2549,49
2025-12-16,Paid_Search,generic_search,50.48,1245,29
2025-12-17,Paid_Search,brand_search,13.85,3341,102
2025-12-17,Paid_Search,generic_search,63.54,4658,185
2025-12-17,SOCIAL,spring_social,15.85,2166,67
2025-12-17,Email,winback,76.00,1880,45
2025-12-18,Paid_Search,generic_search,17.07,1562,15
2025-12-18,SOCIAL,spring_social,22.31,3013,92
2025-12-18,SOCIAL,holiday_social,116.21,3190,17
2025-12-18,Email,winback,5.22,1998,19
2025-12-19,Paid_Search,brand_search,90.75,3094,81
2025-12-19,Paid_Search,generic_search,65.91,2146,60
2025-12-19,SOCIAL,holiday_social,74.89,4982,198
2025-12-19,Email,newsletter,55.42,3939,173
2025-12-19,Email,winback,82.16,1562,6
2025-12-20,Paid_Search,brand_search,49.83,2288,114
2025-12-20,SOCIAL,holiday_social,97.60,2161,5
2025-12-20,Email,newsletter,101.05,2729,37
2025-12-21,SOCIAL,spring_social,114.85,1533,10
2025-12-21,SOCIAL,holiday_social,90.85,4626,52
2025-12-22,SOCIAL,spring_social,49.09,3345,128
2025-12-22,SOCIAL,holiday_social,110.08,492,22
2025-12-23,Paid_Search,brand_search,60.95,1956,24
2025-12-23,SOCIAL,spring_social,12.16,2927,71
2025-12-23,SOCIAL,holiday_social,13.75,3973,44
2025-12-23,Email,winback,106.22,4542,148
2025-12-24,Paid_Search,brand_search,98.93,2025,40
2025-12-24,Paid_Search,generic_search,106.80,1641,15
2025-12-24,SOCIAL,spring_social,109.00,3975,194
2025-12-24,Email,newsletter,116.58,2422,35
2025-12-25,SOCIAL,spring_social,11.96,367,14
2025-12-25,Email,newsletter,27.22,1958,77
2025-12-25,Email,winback,94.35,4572,212
2025-12-26,SOCIAL,spring_social,46.85,205,5
2025-12-26,Email,newsletter,30.97,1584,32
2025-12-26,Email,winback,91.19,2395,104
2025-12-27,Paid_Search,generic_search,56.36,2943,141
2025-12-27,SOCIAL,spring_social,77.57,411,9
2025-12-27,SOCIAL,holiday_social,82.95,2956,76
2025-12-27,Email,winback,52.21,4045,108
2025-12-28,SOCIAL,spring_social,9.63,3701,171
2025-12-28,SOCIAL,holiday_social,29.01,4729,103
2025-12-28,Email,newsletter,103.56,1165,50
2025-12-30,Paid_Search,brand_search,90.53,4707,165
2025-12-30,Paid_Search,generic_search,54.72,670,15
2025-12-30,Email,newsletter,81.34,1845,74
