id,product_id,supplier_id,unit_cost,valid_from
1,1,4,60.22,2024-01-30
2,2,3,9.96,2024-04-18
3,3,1,24.15,2024-01-24
4,3,1,28.84,2024-06-05
5,3,2,40.89,2024-11-04
6,4,4,20.85,2024-01-23
7,5,1,131.73,2024-04-21
8,6,5,59.86,2024-01-08
9,6,4,68.95,2024-04-30
10,6,1,59.43,2024-07-05
11,7,2,6.78,2024-02-14
12,8,3,37.87,2024-01-01
13,9,2,26.13,2024-04-02
14,9,4,25.99,2024-06-28
15,9,3,21.84,2024-11-30
16,10,5,7.20,2024-03-02
17,11,5,17.14,2024-01-12
18,12,3,16.18,2024-03-18
19,12,1,14.36,2024-06-12
20,12,1,10.56,2024-09-11
21,13,5,10.22,2024-02-08
22,14,3,115.86,2024-02-29
23,15,4,16.46,2024-02-03
24,15,4,21.50,2024-06-29
25,15,2,22.82,2024-09-10
26,16,4,31.98,2024-03-23
