id,order_id,carrier,shipped_at,delivered_at,shipping_cost_usd
1,1,UPS,2025-07-28 10:27:29,2025-07-31 16:22:17,3.55
2,3,DHL ,2025-10-17 14:27:44,2025-10-24 13:42:08,14.04
3,3,fedex ,2025-10-16 12:23:36,,24.99
4,4,FedEx,2025-08-22 23:28:34,2025-08-28 00:54:02,9.78
5,5,FedEx,2025-04-16 03:18:06,2025-04-24 21:19:31,11.43
6,5,UPS,2025-04-16 18:26:09,2025-04-25 14:29:46,15.42
7,6,FedEx,2025-03-30 18:40:33,2025-04-01 20:57:14,9.06
8,7,UPS,2025-10-17 22:39:27,2025-10-25 17:06:49,19.97
9,8, ups,2025-02-24 22:48:58,2025-03-05 17:05:25,13.87
10,9,fedex ,2025-05-25 20:22:53,2025-06-02 11:12:01,23.48
11,9,fedex ,2025-05-26 14:38:04,2025-06-03 07:22:26,15.29
12,10,UPS,2025-04-08 05:27:20,2025-04-17 19:02:16,21.38
13,11, ups,2025-06-02 17:40:44,2025-06-11 18:36:52,11.24
14,12,fedex ,2025-06-06 10:33:39,2025-06-13 16:39:45,20.87
15,15,fedex ,2025-08-04 16:29:25,2025-08-08 15:30:07,18.91
16,15,FedEx,2025-08-02 23:36:46,2025-08-08 18:08:49,21.61
17,16,FedEx,2025-11-18 16:21:43,2025-11-20 03:21:20,5.58
18,19,UPS,2025-12-01 09:01:24,2025-12-04 22:36:45,15.25
19,21,DHL ,2025-10-10 00:11:12,2025-10-19 04:54:36,24.06
20,22,fedex ,2025-03-01 21:46:38,2025-03-07 03:04:26,8.29
21,23, ups,2025-08-03 18:29:05,2025-08-07 18:56:01,17.87
22,24,UPS,2025-10-09 02:40:25,2025-10-11 12:38:04,11.58
23,25,UPS,2025-10-30 18:34:57,2025-11-08 11:56:00,11.10
24,25,FedEx,2025-11-01 04:25:08,2025-11-10 16:59:15,18.18
25,26, ups,2025-05-29 21:31:37,2025-06-03 15:47:13,16.80
26,27,fedex ,2025-07-12 02:31:50,2025-07-20 01:14:36,10.73
27,28, ups,2025-06-26 23:36:04,2025-06-28 16:27:01,17.42
28,29,UPS,2025-05-28 23:30:26,2025-06-01 05:50:22,7.55
29,29, ups,2025-05-30 09:55:57,2025-06-07 02:51:49,17.72
30,30,DHL ,2025-10-25 09:35:30,2025-11-03 18:07:01,10.06
31,31, ups,2025-06-25 18:54:30,2025-06-28 19:11:47,9.68
32,32,UPS,2025-01-09 08:25:21,2025-01-11 03:23:25,20.63
33,33,FedEx,2025-11-30 00:59:23,2025-12-07 05:42:26,17.38
34,34,fedex ,2025-11-13 03:59:37,2025-11-19 20:14:09,15.58
35,35,fedex ,2025-11-27 20:29:31,2025-12-03 20:14:01,19.22
36,36,DHL ,2025-11-02 15:52:34,2025-11-06 03:51:38,5.68
37,37,DHL ,,,4.80
38,38,UPS,2025-09-17 10:04:38,2025-09-20 10:35:46,20.75
39,38, ups,2025-09-17 09:19:30,2025-09-20 00:30:18,23.53
40,39,DHL ,2025-06-27 00:33:42,2025-06-29 03:30:41,22.13
41,42,fedex ,2025-08-02 11:28:04,2025-08-11 22:06:34,6.14
42,43,fedex ,2025-06-23 14:42:58,2025-06-30 22:07:43,17.58
43,43,FedEx,2025-06-26 04:20:55,2025-07-03 18:15:01,8.14
44,44,DHL ,2025-01-30 10:37:37,2025-02-06 02:05:53,24.45
45,44,FedEx,2025-01-27 10:14:47,2025-02-03 10:32:32,19.31
46,45,UPS,2025-08-03 15:10:09,2025-08-10 21:19:16,24.10
47,45,fedex ,2025-08-03 07:11:19,2025-08-05 04:05:58,22.91
48,46,UPS,2025-04-19 04:34:33,2025-04-26 21:44:03,16.81
49,47,DHL ,2025-01-22 15:27:55,2025-01-29 15:07:13,24.43
50,47, ups,2025-01-25 07:59:38,2025-01-29 19:46:02,11.76
51,49,fedex ,2025-04-02 09:16:59,2025-04-06 08:18:37,18.92
52,49,DHL ,2025-04-02 15:12:52,2025-04-08 11:27:34,4.00
53,50,fedex ,2025-08-14 06:31:41,2025-08-16 23:40:24,23.80
54,51,DHL ,2025-11-27 02:02:53,2025-11-29 22:51:34,21.13
55,52, ups,2025-09-15 14:31:47,2025-09-22 08:27:55,13.62
56,53,DHL ,2025-04-20 13:38:36,2025-04-27 16:43:17,21.32
57,54,FedEx,2025-07-01 06:50:28,,13.34
58,54,FedEx,2025-06-29 12:54:16,2025-07-07 01:21:56,12.33
59,55,DHL ,2025-07-07 19:54:20,2025-07-13 05:01:22,7.21
60,55,UPS,2025-07-05 19:25:15,2025-07-10 21:12:14,18.87
61,56,FedEx,2025-03-28 19:37:25,2025-04-01 18:31:24,15.81
62,59,DHL ,2025-09-22 11:18:07,2025-09-24 21:34:49,19.25
63,60, ups,2025-06-15 10:45:04,2025-06-22 04:52:44,20.43
64,60, ups,2025-06-13 22:03:43,2025-06-21 12:56:56,24.41
65,61,fedex ,2025-01-03 06:32:23,2025-01-10 19:37:40,7.17
66,62,UPS,2025-01-25 13:38:13,2025-01-28 13:23:54,7.02
67,63, ups,2025-10-21 04:36:23,2025-10-24 11:52:47,8.15
68,64,UPS,2025-06-29 09:33:35,2025-07-05 23:34:35,5.81
69,66,FedEx,2025-01-25 20:13:42,2025-01-30 13:03:32,13.70
70,67,fedex ,2025-02-12 03:00:19,2025-02-15 03:11:56,21.03
71,67,DHL ,2025-02-12 08:13:48,2025-02-16 11:49:58,20.88
72,68,DHL ,2025-05-23 23:55:20,2025-05-31 11:25:14,14.38
73,70, ups,2025-01-16 12:44:48,2025-01-24 21:28:34,20.84
74,71,FedEx,2025-04-24 15:42:10,2025-04-27 11:39:07,8.08
75,72,FedEx,2025-01-16 05:17:32,2025-01-22 08:31:49,21.59
76,73,fedex ,2025-11-25 09:45:15,2025-12-01 20:54:46,24.40
77,74,FedEx,2025-01-29 20:00:54,2025-02-06 12:15:49,17.11
78,76,FedEx,2025-02-12 15:27:11,2025-02-19 23:36:04,19.99
79,76,FedEx,2025-02-12 00:22:58,2025-02-18 20:20:58,10.60
80,77,DHL ,2025-09-08 17:19:42,2025-09-17 12:20:00,8.92
81,77, ups,2025-09-05 09:46:51,2025-09-12 00:38:51,3.75
82,78,fedex ,2025-03-10 22:40:35,2025-03-17 02:52:33,20.50
83,79,fedex ,2025-06-17 03:28:49,,18.39
84,80, ups,2025-05-26 11:15:59,2025-05-29 20:39:59,23.78
85,81,fedex ,2025-07-06 03:56:03,2025-07-08 09:51:44,18.80
86,82,fedex ,2025-04-13 17:08:24,2025-04-20 12:30:30,4.46
87,84,DHL ,2025-04-01 11:54:24,2025-04-07 01:20:12,16.54
88,85,UPS,2025-06-19 13:19:56,2025-06-25 16:58:14,14.04
89,85,DHL ,2025-06-19 11:04:14,2025-06-24 21:10:50,7.77
90,87,fedex ,2025-11-27 17:34:14,2025-11-30 18:33:18,22.05
91,88,FedEx,2025-05-05 12:21:53,2025-05-12 06:35:45,16.31
92,90, ups,2025-09-13 19:13:25,2025-09-21 22:57:26,22.07
93,92,UPS,2025-07-28 08:46:14,,24.56
94,93, ups,2025-08-18 09:51:18,2025-08-27 04:58:38,21.89
95,94,DHL ,2025-04-25 23:41:51,2025-05-03 19:23:42,18.09
96,95, ups,2025-02-12 22:05:30,2025-02-16 05:14:31,19.11
97,97,UPS,2025-02-12 10:53:55,2025-02-16 05:04:03,15.82
98,97,fedex ,2025-02-12 04:39:35,2025-02-21 06:07:38,9.25
99,98, ups,2025-12-06 15:04:12,2025-12-15 19:52:54,18.40
100,100,DHL ,2025-01-18 16:57:12,2025-01-26 05:38:38,8.25
101,101,fedex ,2025-09-24 17:08:33,2025-09-26 02:07:04,6.63
102,104,DHL ,2025-01-10 01:01:21,2025-01-14 18:19:23,21.64
103,105,UPS,2025-05-28 15:46:11,2025-06-02 06:12:49,22.19
104,106,FedEx,2025-10-28 13:33:24,2025-11-01 19:30:36,8.33
105,107,FedEx,2025-10-07 07:36:57,2025-10-13 22:54:49,19.00
106,108,fedex ,2025-09-14 03:20:27,2025-09-19 07:06:57,12.97
107,108,UPS,2025-09-13 22:39:11,2025-09-17 04:11:32,5.99
108,111,FedEx,,,12.82
109,113,DHL ,2025-03-15 13:17:51,2025-03-23 00:20:48,24.38
110,114,DHL ,2025-07-04 17:46:25,2025-07-08 03:54:45,14.70
111,115,DHL ,2025-08-19 13:44:26,2025-08-21 20:23:45,15.53
112,116,UPS,2025-05-08 17:03:35,2025-05-15 19:52:58,19.73
113,117,UPS,2025-11-19 10:48:16,2025-11-21 02:55:56,21.15
114,118,fedex ,2025-07-26 20:32:54,2025-07-29 14:03:44,4.40
115,119,FedEx,2025-12-24 19:41:21,,20.70
116,119, ups,2025-12-21 03:49:42,2025-12-25 19:28:13,22.81
117,120,UPS,2025-02-19 21:54:59,2025-02-22 12:11:37,3.89
118,121,FedEx,2025-07-02 11:43:58,2025-07-11 08:49:49,6.79
119,121,fedex ,2025-07-03 15:15:01,2025-07-05 17:48:08,12.10
120,122,FedEx,2025-02-21 04:08:25,2025-03-02 21:30:04,16.31
121,123,UPS,2025-06-04 07:57:27,2025-06-12 01:14:21,13.88
122,124, ups,2026-01-01 08:46:33,2026-01-08 09:43:56,13.51
123,125,fedex ,2025-08-10 12:52:09,2025-08-14 19:18:37,22.07
124,127, ups,2025-07-25 20:11:40,2025-07-29 16:38:57,11.42
125,128,UPS,2025-08-22 14:35:48,2025-08-27 07:09:34,20.87
126,131,DHL ,2025-12-30 09:17:49,2026-01-03 01:19:23,14.78
127,132,fedex ,2025-12-02 16:17:21,2025-12-04 12:56:58,18.69
128,133,fedex ,2025-08-20 06:55:04,2025-08-29 01:42:42,13.54
129,133, ups,2025-08-20 10:09:45,2025-08-25 00:15:57,9.76
130,134,UPS,2025-01-05 09:26:32,2025-01-08 19:53:54,16.78
131,135,fedex ,2025-05-27 18:01:55,2025-05-29 19:43:17,15.27
132,136,FedEx,2025-08-11 03:11:03,2025-08-16 01:08:41,8.41
133,138,UPS,2025-06-26 22:39:56,2025-06-30 06:14:48,11.80
134,139, ups,2025-01-07 14:33:26,2025-01-13 23:31:30,7.04
135,140,UPS,2025-10-29 12:32:12,2025-11-01 04:44:37,7.13
136,140,fedex ,2025-10-30 17:16:15,2025-11-03 11:44:16,24.59
137,141,UPS,2025-06-01 00:03:17,2025-06-09 03:15:42,14.14
138,142,FedEx,2025-02-09 18:39:09,2025-02-16 03:01:47,14.21
139,142,fedex ,2025-02-07 23:40:34,2025-02-13 08:39:54,19.47
140,144,DHL ,2025-10-31 11:10:22,2025-11-02 01:02:22,22.37
141,145, ups,2025-05-18 21:28:40,2025-05-21 08:50:05,23.29
142,146, ups,2025-01-10 04:07:08,2025-01-13 04:37:48,13.64
143,146,fedex ,2025-01-09 05:22:30,2025-01-17 09:10:37,3.59
144,148, ups,2025-06-08 23:03:57,2025-06-17 21:22:53,16.58
145,151,FedEx,2025-02-08 14:01:29,2025-02-14 15:58:31,21.39
146,152,DHL ,2025-05-02 16:14:11,2025-05-10 17:05:38,19.15
147,153, ups,2025-04-17 22:17:49,2025-04-19 07:26:54,21.99
148,154,DHL ,2025-10-15 08:11:11,2025-10-22 06:02:21,24.76
149,156,fedex ,2025-03-20 23:28:01,2025-03-28 07:33:39,11.78
150,157,fedex ,2025-02-13 09:35:57,2025-02-20 16:27:44,15.31
151,159,UPS,2025-01-30 10:56:00,2025-02-03 15:40:27,14.44
152,160,FedEx,2025-10-21 23:10:09,2025-10-30 02:09:16,15.98
153,160,UPS,2025-10-20 20:27:12,2025-10-26 15:04:26,16.65
154,161,fedex ,2025-03-10 22:21:53,2025-03-17 12:46:10,24.66
155,162,UPS,2025-01-11 19:08:22,2025-01-18 08:53:02,14.80
156,163,DHL ,2025-10-21 03:53:43,,16.07
157,164,FedEx,2025-02-18 05:43:37,2025-02-23 13:37:00,14.05
158,166,UPS,2025-12-01 07:54:48,2025-12-09 04:28:58,5.32
159,167,fedex ,2025-02-20 15:09:33,2025-02-25 11:41:39,16.43
160,168,UPS,2025-12-05 12:26:34,2025-12-09 16:46:54,22.80
161,169,UPS,2025-12-09 20:11:13,2025-12-18 12:24:40,12.40
162,169,UPS,2025-12-08 12:36:47,2025-12-13 05:26:21,16.28
163,170,UPS,2025-10-05 04:46:02,2025-10-08 00:44:59,13.52
164,171,UPS,2025-12-19 18:07:37,2025-12-21 16:20:27,13.47
165,171,UPS,2025-12-16 14:50:31,2025-12-20 15:35:18,13.72
166,172,fedex ,2025-03-18 15:27:34,2025-03-21 12:44:45,4.98
167,172,UPS,2025-03-18 21:56:11,2025-03-24 09:23:53,23.95
168,175,UPS,,,8.37
169,176,UPS,2025-11-01 11:37:13,2025-11-07 08:31:02,22.34
170,177,fedex ,2025-03-26 19:12:29,2025-03-28 20:13:32,21.23
171,177,fedex ,2025-03-28 10:33:48,2025-04-03 07:34:14,16.61
172,178,fedex ,2025-02-14 05:56:02,2025-02-21 18:49:51,23.55
173,178,DHL ,2025-02-13 04:01:00,2025-02-18 00:04:13,10.14
174,179,DHL ,2025-11-18 23:13:23,2025-11-21 12:14:57,16.42
175,180,fedex ,2025-11-07 22:09:47,2025-11-15 03:52:39,17.41
176,181,FedEx,2025-09-04 21:16:32,2025-09-11 20:43:52,22.19
177,182,DHL ,2025-05-31 12:46:08,2025-06-06 17:28:08,11.20
178,184,UPS,2025-10-19 10:42:10,2025-10-21 04:13:44,12.39
179,186,DHL ,2025-11-19 00:04:52,,9.12
180,189,DHL ,2025-12-08 03:45:17,2025-12-10 10:31:31,7.30
181,190,FedEx,2025-12-27 04:14:36,2025-12-30 03:49:09,5.82
182,192,FedEx,,,22.30
183,194,fedex ,2025-06-25 10:27:07,2025-07-03 13:30:28,12.98
184,195,FedEx,2025-02-01 01:51:33,2025-02-09 11:20:46,18.04
185,196,fedex ,2025-09-08 22:05:06,2025-09-16 01:46:39,9.25
186,198,FedEx,2025-01-29 16:03:34,2025-02-02 00:01:49,24.26
