id,order_id,promotion_id,discount_usd
1,1,6,19.33
2,3,1,10.28
3,3,4,7.02
4,6,3,25.79
5,7,6,16.90
6,9,4,4.20
7,12,7,17.14
8,12,4,15.00
9,14,4,10.19
10,15,2,2.48
11,16,1,2.36
12,17,4,7.42
13,17,2,11.05
14,20,3,29.86
15,26,3,28.82
16,28,4,20.85
17,29,1,9.72
18,32,2,25.23
19,32,6,8.96
20,37,5,7.23
21,38,4,21.66
22,39,7,27.39
23,43,8,13.13
24,44,7,10.45
25,46,8,18.18
26,46,6,22.26
27,47,1,29.33
28,47,2,14.16
29,49,7,3.86
30,50,1,28.24
31,50,3,28.99
32,51,1,25.33
33,51,6,2.16
34,53,4,7.00
35,54,1,9.30
36,55,5,5.79
37,55,7,25.48
38,56,2,8.31
39,56,5,4.98
40,64,5,17.52
41,65,1,15.10
42,66,5,16.29
43,66,4,24.40
44,69,3,9.98
45,69,6,17.70
46,71,5,19.21
47,72,2,20.36
48,73,1,28.76
49,74,6,26.60
50,74,8,21.73
51,75,5,13.23
52,76,4,9.73
53,77,3,22.88
54,77,7,7.72
55,78,8,29.55
56,82,8,6.01
57,82,1,8.95
58,83,1,13.14
59,84,3,26.25
60,85,1,5.19
61,85,8,9.28
62,88,2,27.45
63,89,2,8.14
64,90,1,21.64
65,90,4,19.51
66,91,1,11.43
67,93,3,3.64
68,95,5,6.24
69,95,2,25.99
70,98,1,6.82
71,99,3,28.86
72,100,5,13.44
73,101,5,11.96
74,102,8,11.20
75,103,4,26.60
76,104,2,7.90
77,106,5,5.77
78,110,6,3.95
79,110,3,4.04
80,112,4,14.68
81,113,2,16.20
82,113,4,22.73
83,115,1,21.93
84,117,3,7.63
85,123,7,12.75
86,125,3,8.77
87,125,4,20.95
88,127,2,17.39
89,128,3,12.02
90,128,8,3.24
91,129,8,14.44
92,130,4,19.65
93,131,4,12.97
94,133,1,20.35
95,134,8,7.45
96,137,4,16.83
97,137,2,10.21
98,139,7,11.27
99,139,5,29.21
100,140,6,6.96
101,140,7,24.47
102,141,3,23.40
103,142,2,14.87
104,146,1,22.18
105,147,2,10.66
106,147,3,20.93
107,154,2,4.13
108,158,3,19.48
109,158,8,22.23
110,160,8,11.26
111,162,1,7.65
112,162,2,13.58
113,166,3,3.79
114,166,2,14.78
115,169,4,28.61
116,169,8,6.08
117,171,8,6.31
118,171,3,7.18
119,172,1,6.39
120,175,1,24.55
121,176,5,3.14
122,177,4,24.47
123,177,5,9.26
124,179,8,3.32
125,180,1,22.84
126,186,6,7.17
127,186,4,14.15
128,188,4,29.27
129,188,6,26.23
130,191,8,18.42
131,191,6,8.81
132,192,3,11.99
133,193,2,9.07
134,195,6,15.04
135,196,4,12.87
136,196,5,14.35
137,198,4,9.46
138,198,1,25.16
139,199,3,7.58
