id,user_id,order_date,status,tax_usd
1,33,2025-07-28,returned,19.60
2,46,2025-04-23,completed,20.20
3,33,2025-10-16,shipped,1.96
4,45,2025-08-21,return_pending,54.24
5,33,2025-04-13,completed,1.54
6,7,2025-03-27,return_pending,2.56
7,33,2025-10-17,completed,23.76
8,19,2025-02-24,completed,31.20
9,12,2025-05-23,completed,33.92
10,35,2025-04-08,shipped,5.44
11,2,2025-05-31,completed,8.48
12,10,2025-06-06,completed,18.87
13,8,2025-04-27,completed,25.15
14,33,2025-06-24,placed,13.46
15,4,2025-08-02,completed,13.36
16,32,2025-11-17,returned,11.78
17,45,2025-08-21,returned,9.70
18,2,2025-05-31,placed,51.54
19,25,2025-11-30,completed,27.88
20,46,2025-04-23,shipped,18.80
21,17,2025-10-09,shipped,11.77
22,45,2025-02-28,completed,36.52
23,45,2025-08-01,shipped,49.06
24,35,2025-10-06,completed,39.72
25,25,2025-10-30,returned,12.93
26,35,2025-05-28,completed,10.56
27,35,2025-07-11,completed,30.33
28,35,2025-06-26,returned,33.88
29,46,2025-05-27,shipped,8.82
30,27,2025-10-24,completed,16.08
31,21,2025-06-23,shipped,5.20
32,35,2025-01-08,return_pending,18.09
33,44,2025-11-29,completed,34.45
34,30,2025-11-12,completed,63.28
35,25,2025-11-25,completed,7.12
36,17,2025-11-02,completed,9.60
37,33,2025-04-13,placed,18.24
38,11,2025-09-15,returned,12.19
39,33,2025-06-24,completed,33.32
40,17,2025-07-31,placed,28.91
41,23,2025-02-19,completed,19.03
42,17,2025-07-31,returned,20.50
43,6,2025-06-23,return_pending,22.57
44,33,2025-01-27,completed,12.65
45,45,2025-08-01,completed,28.80
46,8,2025-04-19,completed,15.33
47,17,2025-01-22,shipped,28.43
48,25,2025-10-29,shipped,30.70
49,41,2025-03-30,completed,15.68
50,17,2025-08-14,completed,10.40
51,25,2025-11-25,completed,3.08
52,35,2025-09-14,returned,16.40
53,8,2025-04-19,completed,14.26
54,35,2025-06-29,shipped,39.76
55,33,2025-07-05,completed,14.96
56,46,2025-03-25,completed,30.00
57,45,2025-05-03,completed,35.44
58,33,2025-06-24,placed,6.16
59,46,2025-09-20,completed,26.16
60,46,2025-06-13,shipped,17.44
61,33,2025-01-03,completed,17.09
62,17,2025-01-25,completed,16.74
63,41,2025-10-20,completed,21.10
64,42,2025-06-26,returned,4.96
65,25,2025-01-23,placed,12.66
66,35,2025-01-25,completed,30.72
67,46,2025-02-10,completed,29.89
68,46,2025-05-21,shipped,3.92
69,46,2025-03-25,placed,55.52
70,35,2025-01-14,completed,20.60
71,46,2025-04-23,shipped,23.32
72,45,2025-01-14,completed,8.96
73,33,2025-11-25,completed,15.60
74,35,2025-01-29,shipped,2.69
75,4,2025-05-21,completed,11.20
76,3,2025-02-11,completed,6.16
77,10,2025-09-05,returned,31.36
78,13,2025-03-08,completed,16.32
79,16,2025-06-17,shipped,25.42
80,50,2025-05-25,completed,40.76
81,17,2025-07-05,completed,10.84
82,38,2025-04-12,completed,24.77
83,17,2025-09-30,placed,61.71
84,35,2025-03-29,completed,30.53
85,26,2025-06-16,completed,33.08
86,35,2025-06-02,placed,38.88
87,33,2025-11-25,completed,23.76
88,46,2025-05-03,returned,24.08
89,6,2025-05-28,shipped,21.24
90,36,2025-09-11,completed,16.38
91,11,2025-02-27,shipped,28.80
92,49,2025-07-25,shipped,9.60
93,38,2025-08-17,shipped,27.65
94,45,2025-04-23,completed,37.80
95,34,2025-02-11,completed,35.84
96,33,2025-09-20,placed,29.96
97,46,2025-02-10,completed,9.62
98,25,2025-12-05,shipped,12.68
99,35,2025-10-06,placed,28.96
100,28,2025-01-18,completed,20.16
101,25,2025-09-24,completed,11.24
102,25,2025-09-26,shipped,39.52
103,33,2025-03-10,placed,32.04
104,25,2025-01-08,completed,8.04
105,13,2025-05-25,completed,38.32
106,17,2025-10-27,completed,45.12
107,37,2025-10-05,return_pending,8.06
108,36,2025-09-11,completed,14.24
109,33,2025-12-12,placed,39.32
110,35,2025-12-23,placed,18.84
111,35,2025-12-26,placed,13.16
112,17,2025-12-21,placed,43.54
113,25,2025-03-13,returned,6.72
114,46,2025-07-02,completed,32.16
115,12,2025-08-16,returned,18.78
116,33,2025-05-05,return_pending,22.28
117,29,2025-11-17,completed,23.46
118,38,2025-07-23,completed,49.84
119,46,2025-12-21,shipped,17.44
120,23,2025-02-19,completed,33.88
121,13,2025-07-01,completed,15.40
122,9,2025-02-20,completed,23.68
123,25,2025-06-01,completed,30.34
124,17,2025-12-30,return_pending,21.36
125,45,2025-08-10,completed,34.24
126,46,2025-05-03,completed,12.86
127,49,2025-07-25,completed,19.68
128,33,2025-08-19,shipped,8.72
129,26,2025-08-16,placed,56.16
130,35,2025-01-22,placed,23.18
131,25,2025-12-30,completed,55.54
132,17,2025-12-02,completed,7.20
133,43,2025-08-20,completed,3.08
134,45,2025-01-02,completed,7.20
135,45,2025-05-26,returned,31.12
136,33,2025-08-08,completed,15.36
137,33,2025-12-25,return_pending,5.15
138,21,2025-06-23,completed,2.40
139,45,2025-01-05,completed,11.36
140,35,2025-10-29,returned,31.59
141,2,2025-05-31,completed,3.36
142,45,2025-02-07,return_pending,0.82
143,7,2025-10-03,completed,31.68
144,25,2025-10-30,returned,51.68
145,19,2025-05-15,return_pending,10.40
146,33,2025-01-07,completed,22.88
147,45,2025-02-09,completed,8.25
148,45,2025-06-05,shipped,14.24
149,44,2025-11-22,completed,14.26
150,26,2025-02-17,completed,6.48
151,30,2025-02-08,completed,1.16
152,33,2025-04-30,shipped,2.45
153,46,2025-04-17,return_pending,45.34
154,46,2025-10-12,completed,3.53
155,25,2025-10-30,returned,7.52
156,43,2025-03-18,completed,0.96
157,46,2025-02-10,completed,12.50
158,25,2025-01-14,placed,12.58
159,17,2025-01-29,completed,9.84
160,5,2025-10-18,return_pending,8.64
161,50,2025-03-08,completed,10.75
162,35,2025-01-08,shipped,25.72
163,45,2025-10-21,shipped,54.24
164,35,2025-02-15,shipped,10.28
165,46,2025-02-21,return_pending,20.56
166,45,2025-12-01,completed,6.66
167,9,2025-02-20,completed,26.75
168,25,2025-12-05,completed,26.19
169,28,2025-12-08,completed,5.88
170,33,2025-10-02,returned,24.48
171,20,2025-12-16,completed,29.60
172,45,2025-03-17,completed,5.76
173,46,2025-11-08,placed,16.51
174,25,2025-12-23,completed,22.24
175,25,2025-07-28,placed,43.13
176,25,2025-10-30,shipped,12.68
177,31,2025-03-25,shipped,18.80
178,34,2025-02-11,completed,20.54
179,21,2025-11-16,returned,54.11
180,25,2025-11-04,completed,29.84
181,35,2025-09-01,completed,33.60
182,6,2025-05-28,completed,7.36
183,33,2025-10-26,returned,15.60
184,15,2025-10-19,shipped,39.84
185,46,2025-02-15,placed,4.24
186,17,2025-11-17,shipped,29.92
187,25,2025-09-24,completed,24.92
188,25,2025-03-09,completed,8.04
189,46,2025-12-05,completed,3.08
190,47,2025-12-26,returned,29.52
191,29,2025-05-15,completed,19.92
192,46,2025-10-21,placed,29.80
193,47,2025-02-18,completed,21.36
194,4,2025-06-25,completed,32.72
195,33,2025-01-31,completed,21.48
196,17,2025-09-07,returned,3.60
197,17,2025-05-08,placed,61.42
198,25,2025-01-26,completed,21.54
199,17,2025-09-07,placed,1.96
200,46,2025-06-24,completed,40.59
201,26,2025-03-03,cancelled,0.00
202,38,2025-09-16,cancelled,0.00
203,8,2025-11-29,cancelled,0.00
204,46,2025-04-26,cancelled,0.00
205,43,2025-11-16,cancelled,0.00
206,44,2025-08-05,cancelled,0.00
207,37,2025-10-09,cancelled,0.00
208,34,2025-10-29,cancelled,0.00
