id,order_id,refund_amt,reason,created_at
1,1,122.50,wrong_item,2025-08-02 17:46:33
2,4,339.00,damaged,2025-08-26 01:07:47
3,6,16.00,wrong_item,2025-04-01 03:42:36
4,6,16.00,changed_mind,2025-04-01 21:51:37
5,16,51.52,changed_mind,2025-11-22 16:31:50
6,17,60.65,changed_mind,2025-08-26 15:59:20
7,25,80.82,late_delivery,2025-11-04 19:41:52
8,25,32.33,damaged,2025-11-04 08:32:51
9,28,211.75,damaged,2025-07-01 22:04:42
10,32,113.03,late_delivery,2025-01-13 11:00:08
11,38,53.34,damaged,2025-09-20 02:56:29
12,38,53.34,wrong_item,2025-09-20 02:23:29
13,42,128.09,changed_mind,2025-08-05 01:03:14
14,42,51.24,changed_mind,2025-08-05 11:14:59
15,43,98.73,changed_mind,2025-06-28 20:39:55
16,52,71.75,changed_mind,2025-09-19 21:46:06
17,64,30.99,late_delivery,2025-07-01 01:20:47
18,77,78.40,changed_mind,2025-09-10 11:37:33
19,77,196.00,changed_mind,2025-09-10 14:31:00
20,88,60.20,late_delivery,2025-05-08 23:46:15
21,88,105.35,late_delivery,2025-05-08 23:41:07
22,107,35.28,changed_mind,2025-10-10 02:12:03
23,107,50.40,late_delivery,2025-10-10 17:45:44
24,113,42.00,late_delivery,2025-03-18 11:52:58
25,113,16.80,changed_mind,2025-03-18 16:24:14
26,115,82.17,damaged,2025-08-21 20:22:19
27,116,97.47,changed_mind,2025-05-10 08:58:41
28,124,93.45,late_delivery,2026-01-04 08:26:29
29,124,93.45,wrong_item,2026-01-04 06:47:10
30,135,136.15,late_delivery,2025-05-31 00:01:28
31,137,22.51,damaged,2025-12-30 15:22:33
32,137,32.16,wrong_item,2025-12-30 17:23:33
33,140,78.98,late_delivery,2025-11-03 14:02:58
34,142,5.10,late_delivery,2025-02-12 15:25:18
35,142,5.10,late_delivery,2025-02-12 03:00:03
36,144,226.10,damaged,2025-11-04 01:04:07
37,144,226.10,late_delivery,2025-11-04 09:54:09
38,145,65.00,damaged,2025-05-20 08:18:57
39,145,65.00,damaged,2025-05-20 01:36:12
40,153,113.35,damaged,2025-04-22 14:43:24
41,155,32.90,wrong_item,2025-11-04 12:53:12
42,155,18.80,wrong_item,2025-11-04 10:00:42
43,160,21.60,changed_mind,2025-10-23 22:21:35
44,165,89.95,late_delivery,2025-02-26 01:07:42
45,170,61.20,late_delivery,2025-10-07 02:51:11
46,179,338.20,changed_mind,2025-11-21 06:51:28
47,179,135.28,wrong_item,2025-11-21 02:04:01
48,183,39.00,changed_mind,2025-10-31 14:53:53
49,190,73.80,late_delivery,2025-12-31 07:13:57
50,196,22.50,wrong_item,2025-09-12 12:19:01
51,196,22.50,damaged,2025-09-12 15:45:34
