id,order_id,product_id,quantity,unit_price
1,1,9,1,42.00
2,1,4,2,34.00
3,1,15,3,45.00
4,2,7,2,14.50
5,2,6,2,99.00
6,2,12,1,25.49
7,3,2,1,24.50
8,4,6,2,99.00
9,4,5,2,120.00
10,4,5,2,120.00
11,5,10,2,9.60
12,6,13,2,16.00
13,7,6,3,99.00
14,8,6,2,99.00
15,8,12,3,23.99
16,8,9,2,42.00
17,8,10,3,12.00
18,9,4,3,34.00
19,9,10,2,12.00
20,9,1,2,89.00
21,9,3,2,59.99
22,10,4,2,34.00
23,11,7,2,14.50
24,11,11,2,38.50
25,12,4,2,27.20
26,12,2,3,24.50
27,12,3,2,53.99
28,13,3,3,59.99
29,13,9,1,33.60
30,13,9,3,33.60
31,14,1,1,75.65
32,14,14,1,92.65
33,15,13,2,16.00
34,15,15,3,45.00
35,16,5,1,120.00
36,16,4,1,27.20
37,17,13,3,16.00
38,17,11,1,38.50
39,17,7,3,11.60
40,18,5,2,120.00
41,18,8,2,52.00
42,18,12,2,29.99
43,18,1,3,80.10
44,19,15,2,40.50
45,19,11,1,38.50
46,19,8,2,65.00
47,19,6,1,99.00
48,20,2,2,24.50
49,20,14,1,109.00
50,20,11,2,38.50
51,21,15,2,40.50
52,21,2,3,22.05
53,22,2,1,24.50
54,22,8,2,65.00
55,22,9,2,42.00
56,22,14,2,109.00
57,23,15,2,45.00
58,23,14,2,98.10
59,23,14,3,109.00
60,24,8,1,65.00
61,24,12,1,25.49
62,24,14,1,109.00
63,24,6,3,99.00
64,25,14,1,92.65
65,25,9,1,42.00
66,25,12,1,26.99
67,26,12,3,23.99
68,26,12,2,29.99
69,27,3,3,50.99
70,27,11,1,38.50
71,27,3,3,50.99
72,27,11,1,34.65
73,28,11,3,38.50
74,28,5,2,120.00
75,28,4,2,34.00
76,29,10,1,12.00
77,29,11,3,32.73
78,30,12,2,25.49
79,30,12,1,29.99
80,30,3,2,59.99
81,31,8,1,65.00
82,32,9,3,35.70
83,32,12,3,29.99
84,32,7,2,14.50
85,33,2,2,19.60
86,33,8,3,52.00
87,33,3,2,59.99
88,33,11,3,38.50
89,34,5,1,102.00
90,34,8,1,65.00
91,34,14,3,109.00
92,34,6,3,99.00
93,35,1,1,89.00
94,36,5,1,120.00
95,37,10,1,12.00
96,37,5,2,108.00
97,38,10,3,10.80
98,38,5,1,120.00
99,39,7,3,14.50
100,39,5,3,120.00
101,39,7,1,13.05
102,40,14,2,109.00
103,40,12,2,25.49
104,40,11,3,30.80
105,41,13,3,12.80
106,41,9,3,42.00
107,41,2,3,24.50
108,42,3,1,59.99
109,42,14,2,98.10
110,43,1,3,71.20
111,43,11,1,38.50
112,43,12,1,29.99
113,44,3,1,59.99
114,44,11,3,32.73
115,45,5,3,120.00
116,46,13,1,13.60
117,46,1,2,89.00
118,47,1,1,89.00
119,47,14,2,109.00
120,47,10,3,12.00
121,47,7,1,12.32
122,48,9,3,35.70
123,48,6,1,79.20
124,48,9,3,42.00
125,48,9,2,35.70
126,49,13,1,16.00
127,49,3,3,59.99
128,50,8,2,65.00
129,51,11,1,38.50
130,52,1,2,89.00
131,52,12,1,26.99
132,53,6,2,89.10
133,54,11,2,38.50
134,54,3,1,59.99
135,54,5,3,120.00
136,55,3,2,59.99
137,55,13,1,16.00
138,55,3,1,50.99
139,56,14,3,109.00
140,56,13,3,16.00
141,57,13,1,16.00
142,57,6,3,99.00
143,57,8,2,65.00
144,58,11,2,38.50
145,59,14,1,109.00
146,59,14,2,109.00
147,60,14,2,109.00
148,61,1,3,71.20
149,62,7,3,14.50
150,62,8,3,55.25
151,63,3,1,59.99
152,63,9,1,42.00
153,63,9,3,42.00
154,63,9,1,35.70
155,64,12,1,29.99
156,64,13,2,16.00
157,65,15,3,38.25
158,65,7,3,14.50
159,66,5,2,102.00
160,66,15,2,45.00
161,66,15,2,45.00
162,67,10,1,12.00
163,67,9,1,33.60
164,67,6,2,99.00
165,67,8,2,65.00
166,68,2,2,24.50
167,69,6,3,99.00
168,69,1,3,89.00
169,69,8,2,65.00
170,70,8,3,65.00
171,70,2,3,20.82
172,71,3,2,59.99
173,71,2,2,24.50
174,71,11,1,38.50
175,71,9,2,42.00
176,72,9,2,42.00
177,72,13,1,16.00
178,72,10,1,12.00
179,73,8,3,65.00
180,74,9,1,33.60
181,75,11,3,38.50
182,75,2,1,24.50
183,76,11,2,38.50
184,77,13,2,16.00
185,77,5,3,120.00
186,78,9,2,42.00
187,78,4,2,34.00
188,78,8,1,52.00
189,79,4,2,34.00
190,79,9,2,42.00
191,79,8,3,55.25
192,80,10,3,12.00
193,80,11,3,38.50
194,80,1,2,89.00
195,80,3,3,59.99
196,81,2,2,24.50
197,81,13,3,16.00
198,81,11,1,38.50
199,82,9,1,33.60
200,82,12,2,29.99
201,82,9,3,42.00
202,82,15,2,45.00
203,83,12,2,29.99
204,83,14,3,92.65
205,83,2,3,24.50
206,83,5,3,120.00
207,84,3,1,59.99
208,84,1,3,89.00
209,84,2,2,20.82
210,84,7,1,13.05
211,85,9,1,42.00
212,85,8,2,65.00
213,85,9,3,42.00
214,85,11,3,38.50
215,86,12,2,26.99
216,86,6,3,99.00
217,86,15,3,45.00
218,87,6,3,99.00
219,88,1,3,89.00
220,88,4,1,34.00
221,89,5,1,120.00
222,89,11,3,38.50
223,89,12,1,29.99
224,90,15,2,45.00
225,90,15,3,38.25
226,91,3,3,59.99
227,91,5,1,120.00
228,91,12,2,29.99
229,92,3,2,59.99
230,93,6,3,99.00
231,93,10,2,10.80
232,93,12,1,26.99
233,94,8,3,58.50
234,94,6,3,99.00
235,95,9,1,42.00
236,95,15,1,45.00
237,95,14,3,109.00
238,95,4,1,34.00
239,96,8,3,65.00
240,96,8,2,65.00
241,96,12,1,25.49
242,96,12,1,23.99
243,97,13,3,14.40
244,97,11,2,38.50
245,98,11,1,38.50
246,98,3,2,59.99
247,99,9,1,42.00
248,99,4,1,34.00
249,99,5,1,108.00
250,99,1,2,89.00
251,100,10,1,12.00
252,100,4,2,34.00
253,100,8,1,52.00
254,100,3,2,59.99
255,101,7,1,14.50
256,101,9,3,42.00
257,102,12,1,29.99
258,102,5,3,120.00
259,102,8,2,52.00
260,103,4,3,28.90
261,103,2,2,24.50
262,103,2,1,24.50
263,103,1,3,80.10
264,104,15,1,40.50
265,104,12,2,29.99
266,105,8,2,65.00
267,105,5,2,108.00
268,105,8,2,58.50
269,105,13,1,16.00
270,106,5,1,102.00
271,106,7,1,14.50
272,106,8,3,65.00
273,106,6,3,84.15
274,107,9,3,33.60
275,108,1,2,89.00
276,109,13,1,16.00
277,109,2,3,24.50
278,109,3,3,53.99
279,109,5,2,120.00
280,110,5,1,120.00
281,110,11,3,38.50
282,111,2,2,24.50
283,111,11,3,38.50
284,112,5,3,96.00
285,112,15,3,40.50
286,112,11,1,32.73
287,112,4,3,34.00
288,113,9,2,42.00
289,114,7,3,13.05
290,114,7,2,13.05
291,114,13,1,12.80
292,114,5,3,108.00
293,115,13,1,12.80
294,115,3,3,59.99
295,115,9,1,42.00
296,116,11,1,38.50
297,116,5,2,120.00
298,117,10,2,12.00
299,117,2,2,19.60
300,117,6,2,99.00
301,117,13,2,16.00
302,118,5,3,120.00
303,118,8,1,65.00
304,118,6,2,99.00
305,119,14,2,109.00
306,120,2,3,24.50
307,120,8,3,65.00
308,120,9,3,42.00
309,120,7,2,14.50
310,121,11,3,38.50
311,121,11,2,38.50
312,122,4,3,34.00
313,122,9,3,42.00
314,122,4,2,34.00
315,123,15,1,45.00
316,123,14,1,109.00
317,123,6,2,99.00
318,123,13,2,13.60
319,124,1,3,89.00
320,125,1,1,89.00
321,125,8,2,65.00
322,125,1,1,89.00
323,125,5,1,120.00
324,126,9,2,42.00
325,126,10,2,12.00
326,126,10,2,10.20
327,126,10,3,10.80
328,127,9,3,42.00
329,127,3,2,59.99
330,128,14,1,109.00
331,129,3,1,47.99
332,129,5,3,96.00
333,129,5,3,102.00
334,129,12,2,29.99
335,130,9,1,35.70
336,130,12,1,29.99
337,130,5,1,120.00
338,130,8,2,52.00
339,131,3,1,59.99
340,131,14,3,87.20
341,131,6,3,99.00
342,131,9,2,37.80
343,132,12,1,29.99
344,132,3,1,59.99
345,133,11,1,38.50
346,134,12,3,29.99
347,135,9,3,42.00
348,135,14,2,109.00
349,135,15,1,45.00
350,136,12,3,29.99
351,136,5,1,102.00
352,137,7,3,14.50
353,137,2,1,20.82
354,138,12,1,29.99
355,139,8,1,65.00
356,139,11,2,38.50
357,140,6,2,99.00
358,140,13,3,13.60
359,140,2,3,22.05
360,140,12,3,29.99
361,141,9,1,42.00
362,142,10,1,10.20
363,143,5,3,96.00
364,143,15,3,36.00
365,144,2,3,24.50
366,144,1,3,89.00
367,144,11,1,38.50
368,144,1,3,89.00
369,145,8,2,65.00
370,146,1,2,89.00
371,146,15,3,36.00
372,147,2,1,24.50
373,147,3,1,53.99
374,147,7,2,12.32
375,148,8,2,65.00
376,148,13,3,16.00
377,149,6,2,89.10
378,150,15,2,40.50
379,151,7,1,14.50
380,152,4,1,30.60
381,153,5,1,120.00
382,153,2,2,22.05
383,153,14,3,109.00
384,153,1,1,75.65
385,154,2,1,24.50
386,154,2,1,19.60
387,155,15,1,45.00
388,155,2,2,24.50
389,156,10,1,12.00
390,157,11,3,38.50
391,157,13,3,13.60
392,158,10,1,10.20
393,158,13,3,16.00
394,158,6,1,99.00
395,159,10,2,12.00
396,159,6,1,99.00
397,160,10,2,12.00
398,160,9,2,42.00
399,161,12,1,25.49
400,161,1,1,80.10
401,161,13,2,14.40
402,162,13,2,16.00
403,162,11,3,38.50
404,162,9,3,42.00
405,162,13,3,16.00
406,163,14,3,109.00
407,163,1,3,75.65
408,163,4,1,34.00
409,163,15,2,45.00
410,164,8,1,52.00
411,164,12,1,25.49
412,164,12,2,25.49
413,165,13,3,16.00
414,165,13,1,16.00
415,165,8,2,52.00
416,165,1,1,89.00
417,166,10,1,12.00
418,166,1,1,71.20
419,167,3,2,47.99
420,167,2,3,22.05
421,167,10,1,12.00
422,167,1,2,80.10
423,168,2,2,24.50
424,168,3,2,59.99
425,168,6,2,79.20
426,169,2,3,24.50
427,170,10,2,12.00
428,170,5,1,108.00
429,170,9,3,42.00
430,170,13,3,16.00
431,171,4,3,34.00
432,171,3,2,59.99
433,171,6,1,99.00
434,171,2,2,24.50
435,172,15,2,36.00
436,173,1,1,75.65
437,173,10,3,12.00
438,173,7,3,12.32
439,173,4,2,28.90
440,174,14,3,92.65
441,175,13,2,16.00
442,175,14,1,87.20
443,175,5,2,120.00
444,175,3,3,59.99
445,176,12,2,25.49
446,176,9,1,42.00
447,176,11,2,32.73
448,177,12,1,29.99
449,177,5,1,96.00
450,177,14,1,109.00
451,178,15,3,36.00
452,178,13,3,13.60
453,178,13,3,16.00
454,178,12,2,29.99
455,179,10,3,10.80
456,179,14,3,109.00
457,179,11,2,38.50
458,179,5,2,120.00
459,180,11,1,38.50
460,180,12,2,25.49
461,180,5,2,120.00
462,180,7,3,14.50
463,181,9,1,42.00
464,181,14,3,109.00
465,181,3,1,50.99
466,182,12,2,29.99
467,182,13,2,16.00
468,183,8,3,65.00
469,184,3,3,59.99
470,184,3,2,59.99
471,184,6,1,99.00
472,184,6,1,99.00
473,185,10,2,12.00
474,185,7,2,14.50
475,186,4,2,34.00
476,186,5,3,102.00
477,187,7,1,14.50
478,187,6,2,99.00
479,187,6,1,99.00
480,188,12,1,26.99
481,188,2,3,24.50
482,189,11,1,38.50
483,190,4,3,34.00
484,190,1,3,89.00
485,191,6,2,99.00
486,191,3,1,50.99
487,192,3,3,59.99
488,192,2,1,24.50
489,192,15,2,36.00
490,192,5,1,96.00
491,193,1,3,89.00
492,194,2,2,24.50
493,194,5,3,120.00
494,195,2,3,24.50
495,195,8,3,65.00
496,196,15,1,45.00
497,197,6,3,99.00
498,197,7,3,13.05
499,197,1,3,71.20
500,197,14,2,109.00
501,198,9,2,42.00
502,198,14,2,92.65
503,199,2,1,24.50
504,200,14,2,87.20
505,200,6,3,99.00
506,200,10,3,12.00
