id,order_id,method,amt,created_at
1,1,bank_transfer,264.60,2025-07-28 14:11:56
2,3,bank_transfer,26.46,2025-10-16 07:42:22
3,4,paypal,732.24,2025-08-21 23:40:15
4,5,bank_transfer,20.74,2025-04-13 13:25:51
5,6,gift_card,20.74,2025-03-27 14:26:30
6,6,paypal,13.82,2025-03-27 02:46:01
7,7,gift_card,320.76,2025-10-17 17:50:51
8,8,bank_transfer,252.70,2025-02-24 11:44:05
9,8,paypal,168.47,2025-02-24 03:09:19
10,9,bank_transfer,274.74,2025-05-23 20:14:08
11,9,card,183.16,2025-05-23 18:48:35
12,10,gift_card,44.06,2025-04-08 16:19:03
13,10,card,29.38,2025-04-08 03:23:16
14,11,bank_transfer,68.69,2025-05-31 12:48:32
15,11,gift_card,45.79,2025-05-31 09:51:49
16,12,bank_transfer,152.85,2025-06-06 03:39:36
17,12,paypal,101.90,2025-06-06 10:47:09
18,13,bank_transfer,339.52,2025-04-27 17:05:24
19,14,card,90.88,2025-06-24 09:02:10
20,14,card,90.88,2025-06-24 20:19:07
21,15,card,180.36,2025-08-02 07:33:55
22,16,bank_transfer,158.98,2025-11-17 01:11:18
23,17,card,131.00,2025-08-21 06:02:27
24,18,card,347.91,2025-05-31 06:22:42
25,18,gift_card,347.91,2025-05-31 18:53:41
26,19,card,376.38,2025-11-30 16:33:34
27,20,gift_card,126.90,2025-04-23 01:52:44
28,20,paypal,126.90,2025-04-23 09:43:23
29,21,gift_card,158.92,2025-10-09 03:23:37
30,22,paypal,493.02,2025-02-28 02:32:30
31,23,bank_transfer,662.26,2025-08-01 12:06:13
32,24,paypal,321.73,2025-10-06 18:02:03
33,24,card,214.48,2025-10-06 04:35:47
34,25,card,87.28,2025-10-30 11:57:45
35,25,gift_card,87.29,2025-10-30 11:31:45
36,26,bank_transfer,142.51,2025-05-28 02:02:35
37,27,gift_card,163.77,2025-07-11 10:28:20
38,27,paypal,245.65,2025-07-11 02:41:21
39,28,bank_transfer,228.69,2025-06-26 00:47:55
40,28,gift_card,228.69,2025-06-26 09:59:36
41,29,card,71.41,2025-05-27 11:14:52
42,29,gift_card,47.60,2025-05-27 01:12:53
43,30,gift_card,217.03,2025-10-24 10:44:44
44,31,gift_card,42.12,2025-06-23 20:17:28
45,31,bank_transfer,28.08,2025-06-23 03:17:16
46,32,bank_transfer,146.50,2025-01-08 22:12:44
47,32,paypal,97.66,2025-01-08 23:34:49
48,33,gift_card,186.05,2025-11-29 23:50:41
49,33,card,279.08,2025-11-29 17:48:59
50,34,gift_card,854.28,2025-11-12 03:20:15
51,35,paypal,38.45,2025-11-25 08:28:59
52,35,bank_transfer,57.67,2025-11-25 05:22:20
53,36,card,129.60,2025-11-02 00:56:19
54,37,card,246.24,2025-04-13 16:27:25
55,38,card,164.59,2025-09-15 17:51:00
56,39,gift_card,449.87,2025-06-24 16:26:26
57,40,card,390.29,2025-07-31 15:43:26
58,41,bank_transfer,102.77,2025-02-19 21:51:36
59,41,bank_transfer,154.16,2025-02-19 12:48:10
60,42,card,276.69,2025-07-31 22:10:22
61,43,bank_transfer,304.66,2025-06-23 05:43:51
62,44,paypal,170.83,2025-01-27 18:39:14
63,45,card,388.80,2025-08-01 00:16:47
64,46,bank_transfer,206.93,2025-04-19 02:37:27
65,47,bank_transfer,191.88,2025-01-22 03:12:31
66,47,gift_card,191.87,2025-01-22 03:51:15
67,48,bank_transfer,414.40,2025-10-29 07:10:56
68,49,bank_transfer,211.65,2025-03-30 22:50:10
69,50,bank_transfer,56.16,2025-08-14 16:48:41
70,50,gift_card,84.24,2025-08-14 01:22:09
71,51,card,24.95,2025-11-25 16:22:27
72,51,paypal,16.63,2025-11-25 11:42:23
73,52,paypal,132.83,2025-09-14 13:14:56
74,52,bank_transfer,88.56,2025-09-14 10:17:59
75,53,card,192.46,2025-04-19 21:13:00
76,54,card,322.05,2025-06-29 23:31:15
77,54,gift_card,214.70,2025-06-29 18:30:48
78,55,bank_transfer,80.77,2025-07-05 22:30:06
79,55,paypal,121.16,2025-07-05 21:44:42
80,56,gift_card,162.00,2025-03-25 22:13:51
81,56,bank_transfer,243.00,2025-03-25 16:20:41
82,57,paypal,478.44,2025-05-03 22:00:54
83,58,bank_transfer,33.26,2025-06-24 03:03:13
84,58,paypal,49.90,2025-06-24 09:55:55
85,59,paypal,176.58,2025-09-20 14:03:35
86,59,card,176.58,2025-09-20 13:39:00
87,60,paypal,235.44,2025-06-13 17:04:47
88,61,bank_transfer,230.69,2025-01-03 08:39:07
89,62,bank_transfer,90.40,2025-01-25 15:37:41
90,62,card,135.59,2025-01-25 22:23:04
91,63,bank_transfer,284.79,2025-10-20 02:27:35
92,64,gift_card,26.78,2025-06-26 17:25:22
93,64,paypal,40.17,2025-06-26 04:54:35
94,65,bank_transfer,170.91,2025-01-23 12:59:49
95,66,bank_transfer,414.72,2025-01-25 03:00:28
96,67,bank_transfer,403.49,2025-02-10 22:23:09
97,68,gift_card,52.92,2025-05-21 01:16:01
98,69,gift_card,374.76,2025-03-25 11:26:47
99,69,bank_transfer,374.76,2025-03-25 09:05:17
100,70,paypal,278.06,2025-01-14 04:27:54
101,71,card,125.92,2025-04-23 07:19:02
102,71,paypal,188.88,2025-04-23 08:37:09
103,72,card,120.96,2025-01-14 04:33:46
104,73,paypal,210.60,2025-11-25 15:45:04
105,74,card,18.14,2025-01-29 09:07:27
106,74,paypal,18.15,2025-01-29 23:07:18
107,75,bank_transfer,90.72,2025-05-21 20:31:14
108,75,card,60.48,2025-05-21 01:01:58
109,76,gift_card,33.26,2025-02-11 22:50:03
110,76,bank_transfer,49.90,2025-02-11 23:22:16
111,77,paypal,423.36,2025-09-05 12:23:09
112,78,paypal,220.32,2025-03-08 05:48:52
113,79,card,343.17,2025-06-17 01:50:24
114,80,card,550.23,2025-05-25 20:45:47
115,81,bank_transfer,146.34,2025-07-05 05:15:09
116,82,bank_transfer,200.61,2025-04-12 21:37:00
117,82,bank_transfer,133.74,2025-04-12 18:28:14
118,83,paypal,833.14,2025-09-30 01:52:11
119,84,card,247.33,2025-03-29 05:01:38
120,84,paypal,164.88,2025-03-29 20:25:16
121,85,bank_transfer,446.58,2025-06-16 20:19:09
122,86,gift_card,262.43,2025-06-02 12:33:57
123,86,paypal,262.43,2025-06-02 10:34:30
124,87,bank_transfer,160.38,2025-11-25 04:59:52
125,87,card,160.38,2025-11-25 22:24:58
126,88,paypal,325.08,2025-05-03 00:11:19
127,89,card,286.73,2025-05-28 14:27:14
128,90,gift_card,132.68,2025-09-11 04:53:09
129,90,gift_card,88.45,2025-09-11 09:56:01
130,91,gift_card,194.38,2025-02-27 18:45:38
131,91,bank_transfer,194.37,2025-02-27 03:09:28
132,93,bank_transfer,223.94,2025-08-17 04:16:29
133,93,bank_transfer,149.30,2025-08-17 13:22:54
134,94,paypal,510.30,2025-04-23 21:41:34
135,95,gift_card,193.54,2025-02-11 03:18:39
136,95,gift_card,290.30,2025-02-11 02:01:32
137,96,card,404.44,2025-09-20 17:11:15
138,97,gift_card,129.82,2025-02-10 02:55:18
139,98,bank_transfer,171.16,2025-12-05 16:51:26
140,99,card,390.96,2025-10-06 21:37:29
141,100,bank_transfer,163.28,2025-01-18 08:37:31
142,100,bank_transfer,108.86,2025-01-18 05:12:57
143,101,bank_transfer,151.74,2025-09-24 23:25:20
144,102,gift_card,533.51,2025-09-26 15:09:52
145,103,paypal,259.52,2025-03-10 17:27:15
146,103,paypal,173.02,2025-03-10 12:07:22
147,104,paypal,108.52,2025-01-08 20:06:02
148,105,paypal,517.32,2025-05-25 00:35:25
149,106,paypal,304.54,2025-10-27 05:05:44
150,106,gift_card,304.53,2025-10-27 06:42:03
151,107,card,43.54,2025-10-05 05:29:55
152,107,card,65.32,2025-10-05 07:57:48
153,109,gift_card,530.79,2025-12-12 20:34:15
154,110,gift_card,254.34,2025-12-23 02:02:35
155,111,paypal,177.66,2025-12-26 07:41:50
156,112,gift_card,235.11,2025-12-21 19:40:52
157,112,bank_transfer,352.66,2025-12-21 13:58:31
158,113,bank_transfer,90.72,2025-03-13 22:02:00
159,114,card,434.21,2025-07-02 00:11:20
160,115,bank_transfer,152.13,2025-08-16 14:01:33
161,115,card,101.42,2025-08-16 10:37:33
162,116,bank_transfer,300.78,2025-05-05 17:37:49
163,117,paypal,316.66,2025-11-17 17:26:24
164,118,card,269.14,2025-07-23 16:48:25
165,118,paypal,403.70,2025-07-23 15:57:49
166,119,bank_transfer,235.44,2025-12-21 23:58:52
167,120,card,457.38,2025-02-19 09:02:16
168,121,card,207.90,2025-07-01 00:23:02
169,122,bank_transfer,319.68,2025-02-20 00:53:39
170,123,bank_transfer,409.54,2025-06-01 02:26:44
171,124,paypal,115.34,2025-12-30 20:05:39
172,124,paypal,173.02,2025-12-30 12:03:03
173,125,paypal,462.24,2025-08-10 16:39:32
174,126,bank_transfer,69.46,2025-05-03 04:17:28
175,126,paypal,104.20,2025-05-03 11:07:06
176,127,paypal,106.26,2025-07-25 17:49:38
177,127,bank_transfer,159.40,2025-07-25 05:06:28
178,128,gift_card,70.63,2025-08-19 14:53:46
179,128,gift_card,47.09,2025-08-19 15:07:57
180,129,bank_transfer,758.13,2025-08-16 19:44:06
181,130,paypal,312.87,2025-01-22 21:24:20
182,131,card,449.84,2025-12-30 04:56:11
183,131,gift_card,299.89,2025-12-30 02:09:30
184,132,bank_transfer,58.31,2025-12-02 22:51:28
185,132,gift_card,38.87,2025-12-02 13:39:34
186,133,gift_card,41.58,2025-08-20 17:46:08
187,134,paypal,48.59,2025-01-02 15:38:34
188,134,paypal,48.58,2025-01-02 18:00:43
189,136,paypal,124.40,2025-08-08 01:53:07
190,136,gift_card,82.93,2025-08-08 22:46:39
191,137,card,69.47,2025-12-25 00:17:36
192,138,paypal,32.39,2025-06-23 02:29:26
193,139,card,153.36,2025-01-05 05:05:51
194,140,paypal,255.91,2025-10-29 14:15:47
195,140,bank_transfer,170.60,2025-10-29 23:31:34
196,141,bank_transfer,22.68,2025-05-31 19:53:32
197,141,paypal,22.68,2025-05-31 17:08:56
198,142,bank_transfer,11.02,2025-02-07 22:53:08
199,143,card,256.61,2025-10-03 11:17:34
200,143,gift_card,171.07,2025-10-03 08:41:18
201,144,bank_transfer,418.61,2025-10-30 06:04:44
202,144,bank_transfer,279.07,2025-10-30 04:37:17
203,145,card,140.40,2025-05-15 20:53:43
204,146,gift_card,308.88,2025-01-07 11:38:54
205,147,card,55.69,2025-02-09 13:25:54
206,147,paypal,55.69,2025-02-09 10:36:59
207,148,card,192.24,2025-06-05 08:28:59
208,149,gift_card,76.98,2025-11-22 17:54:51
209,149,card,115.48,2025-11-22 05:11:01
210,150,card,34.99,2025-02-17 18:24:07
211,150,paypal,52.49,2025-02-17 23:12:01
212,151,bank_transfer,15.66,2025-02-08 11:34:48
213,152,gift_card,33.05,2025-04-30 04:23:45
214,153,card,612.09,2025-04-17 10:52:49
215,154,card,28.58,2025-10-12 21:12:06
216,154,bank_transfer,19.05,2025-10-12 02:43:48
217,155,gift_card,50.76,2025-10-30 18:03:48
218,155,card,50.76,2025-10-30 13:56:05
219,156,card,6.48,2025-03-18 03:11:37
220,156,bank_transfer,6.48,2025-03-18 13:56:42
221,157,bank_transfer,168.80,2025-02-10 14:08:25
222,158,bank_transfer,169.78,2025-01-14 19:25:51
223,159,bank_transfer,79.70,2025-01-29 21:32:17
224,159,card,53.14,2025-01-29 12:48:15
225,160,card,116.64,2025-10-18 19:10:02
226,161,card,72.57,2025-03-08 12:15:13
227,161,bank_transfer,72.57,2025-03-08 11:44:44
228,162,bank_transfer,208.33,2025-01-08 04:38:11
229,162,paypal,138.89,2025-01-08 00:03:55
230,163,paypal,732.19,2025-10-21 23:09:46
231,164,gift_card,138.75,2025-02-15 12:47:16
232,165,card,277.56,2025-02-21 19:55:02
233,166,bank_transfer,53.92,2025-12-01 10:14:59
234,166,bank_transfer,35.94,2025-12-01 08:38:55
235,167,gift_card,361.08,2025-02-20 17:08:47
236,168,card,353.57,2025-12-05 05:30:08
237,169,gift_card,79.38,2025-12-08 19:01:35
238,170,paypal,330.48,2025-10-02 07:01:00
239,171,gift_card,399.58,2025-12-16 04:05:48
240,172,gift_card,77.76,2025-03-17 23:50:24
241,173,bank_transfer,222.92,2025-11-08 10:12:25
242,174,card,300.19,2025-12-23 06:50:33
243,175,card,582.30,2025-07-28 09:05:01
244,176,bank_transfer,171.12,2025-10-30 12:32:01
245,177,gift_card,253.79,2025-03-25 18:41:16
246,178,gift_card,277.32,2025-02-11 11:00:02
247,179,bank_transfer,730.51,2025-11-16 23:53:18
248,180,paypal,402.82,2025-11-04 19:27:55
249,181,bank_transfer,453.59,2025-09-01 23:49:38
250,182,gift_card,99.34,2025-05-28 01:57:15
251,183,card,210.60,2025-10-26 05:29:22
252,184,paypal,537.79,2025-10-19 17:49:29
253,185,card,28.62,2025-02-15 11:43:53
254,185,paypal,28.62,2025-02-15 00:39:08
255,186,bank_transfer,403.92,2025-11-17 10:35:19
256,188,card,108.53,2025-03-09 21:37:26
257,189,bank_transfer,41.58,2025-12-05 17:16:20
258,190,gift_card,159.41,2025-12-26 03:49:11
259,190,card,239.11,2025-12-26 10:17:34
260,191,card,268.91,2025-05-15 03:14:25
261,192,bank_transfer,402.27,2025-10-21 15:30:36
262,193,bank_transfer,288.36,2025-02-18 03:23:03
263,194,card,441.72,2025-06-25 04:49:28
264,195,card,289.98,2025-01-31 04:45:25
265,197,paypal,829.17,2025-05-08 12:02:51
266,198,gift_card,290.84,2025-01-26 11:30:26
267,199,bank_transfer,15.88,2025-09-07 18:30:28
268,199,paypal,10.58,2025-09-07 23:49:59
269,200,card,219.20,2025-06-24 12:25:42
270,200,bank_transfer,328.79,2025-06-24 23:04:15
