id,first_name,last_name,email,country,created_at
1,Lucas,Novak,lucas.novak1@example.com,gb,2024-03-16 03:07:06
2,Felix,Lopez,felix.lopez2@example.com,de,2024-11-26 04:40:28
3,Felix,Khan,felix.khan3@example.com,in,2024-10-08 19:12:43
4,Theo,Rossi,theo.rossi4@example.com,fr,2024-09-14 11:20:57
5,Aisha,Ivanov,aisha.ivanov5@example.com,jp,2024-02-03 15:57:02
6,Nora,Silva,nora.silva6@example.com,fr,2024-10-31 08:10:51
7,Maya,Muller, maya.muller7@example.com ,fr,2024-12-21 21:25:28
8,Lucas,Nguyen,lucas.nguyen8@example.com,us,2024-11-25 08:20:07
9,Maya,Novak,maya.novak9@example.com,jp,2024-12-15 02:34:47
10,Nora,Garcia,nora.garcia10@example.com,ca,2024-08-11 07:48:00
11,Ravi,Patel,ravi.patel11@example.com,ca,2023-12-27 08:50:50
12,Felix,Dubois,felix.dubois12@example.com,fr,2024-06-06 03:26:03
13,Noah,Ivanov,noah.ivanov13@example.com,jp,2024-05-25 15:25:19
14,Mateo,Silva, mateo.silva14@example.com ,us,2023-12-24 23:47:29
15,Noah,Nguyen,noah.nguyen15@example.com,jp,2024-06-08 03:58:42
16,Lucas,Garcia,lucas.garcia16@example.com,ca,2024-09-25 05:06:13
17,Mateo,Patel,mateo.patel17@example.com,ca,2024-08-11 09:05:42
18,Maya,Silva,maya.silva18@example.com,gb,2024-03-25 01:50:30
19,Ravi,Lopez,ravi.lopez19@example.com,gb,2024-12-24 08:36:22
20,Ethan,Rossi,ethan.rossi20@example.com,ca,2024-04-27 07:46:56
21,Aisha,Novak, aisha.novak21@example.com ,de,2024-12-01 13:47:52
22,Ava,Rossi,ava.rossi22@example.com,ca,2024-08-18 10:23:08
23,Mateo,Sato,mateo.sato23@example.com,ca,2023-12-23 05:38:09
24,Priya,Kim,priya.kim24@example.com,us,2024-09-11 21:05:14
25,Ravi,Nguyen,ravi.nguyen25@example.com,jp,2023-12-15 02:04:52
26,Liam,Brown,liam.brown26@example.com,de,2024-05-01 02:04:15
27,Nora,Smith,nora.smith27@example.com,gb,2024-09-27 21:39:52
28,Maya,Ivanov, maya.ivanov28@example.com ,br,2024-09-02 04:21:53
29,Clara,Garcia,clara.garcia29@example.com,us,2024-03-10 22:33:03
30,Maya,Rossi,maya.rossi30@example.com,jp,2024-01-30 09:29:39
31,Priya,Ivanov,priya.ivanov31@example.com,jp,2023-12-31 08:41:25
32,Mei,Rossi,mei.rossi32@example.com,in,2024-10-25 16:38:49
33,Sofia,Novak,sofia.novak33@example.com,gb,2023-12-13 00:20:20
34,Hana,Brown,hana.brown34@example.com,gb,2024-03-18 02:40:02
35,Ravi,Garcia, ravi.garcia35@example.com ,in,2024-04-16 04:49:21
36,Jonas,Novak,jonas.novak36@example.com,fr,2024-11-26 13:27:14
37,Omar,Patel,omar.patel37@example.com,in,2024-05-21 22:16:13
38,Nora,Nguyen,nora.nguyen38@example.com,in,2024-01-25 03:46:17
39,Zoe,Kim,zoe.kim39@example.com,gb,2024-11-02 20:08:32
40,Zoe,Kim,zoe.kim40@example.com,fr,2024-08-09 12:29:02
41,Priya,Ivanov,priya.ivanov41@example.com,in,2024-02-11 18:24:04
42,Felix,Kim, felix.kim42@example.com ,gb,2024-12-05 23:05:36
43,Mateo,Lopez,mateo.lopez43@example.com,us,2024-08-12 00:07:44
44,Sofia,Dubois,sofia.dubois44@example.com,in,2024-10-26 05:52:58
45,Hana,Khan,hana.khan45@example.com,br,2024-01-05 20:25:19
46,Ava,Smith,ava.smith46@example.com,de,2024-11-23 19:51:51
47,Liam,Lopez,liam.lopez47@example.com,de,2024-06-25 15:38:53
48,Zoe,Nguyen,zoe.nguyen48@example.com,jp,2024-07-27 01:27:09
49,Jonas,Garcia, jonas.garcia49@example.com ,fr,2024-01-17 03:44:33
50,Jonas,Dubois,jonas.dubois50@example.com,br,2024-03-20 22:35:51
